suicide_block;count
3633401;1
3632463;1
3631127;1
3630607;1
3617919;1
3617577;1
3616473;1
3616264;1
3616144;1
3615626;1
3615397;1
3615146;1
3614265;1
3611954;1
3609438;1
3609189;1
3609096;1
3603537;1
3603312;1
3601421;1
3601090;1
3599804;1
3599712;1
3599557;1
3597985;1
3597965;1
3592049;1
3591913;1
3591810;1
3591726;1
3591675;1
3591594;1
3591401;1
3590907;1
3590560;4
3590488;1
3588964;1
3588566;1
3587015;1
3586920;1
3586864;1
3586516;1
3586038;1
3585586;1
3584830;1
3582576;1
3582043;1
3579815;1
3579737;1
3579704;1
3579517;1
3579494;1
3575757;1
3558803;1
3558710;1
3558507;1
3558452;1
3558293;1
3557184;1
3550177;1
3550156;1
3550147;1
3550126;1
3550107;1
3548896;1
3548824;1
3548683;1
3544433;1
3544398;1
3542371;1
3542104;1
3541888;1
3541586;1
3541541;1
3540754;1
3539267;1
3534630;1
3533660;1
3528996;1
3526868;1
3522667;1
3522076;1
3517009;1
3506823;2
3505917;1
3505649;10
3505617;10
3505610;9
3505595;10
3505578;10
3505569;8
3505557;9
3505551;10
3505539;5
3505537;4
3505510;9
3505499;9
3505487;10
3505466;10
3505448;10
3505421;6
3505417;6
3505405;4
3505393;10
3505246;20
3505228;1
3502464;1
3501205;1
3500767;1
3500712;1
3500621;1
3500428;1
3499229;1
3497915;1
3496059;1
3496057;1
3496053;1
3496051;1
3496048;1
3496046;1
3496043;2
3493551;1
3488479;1
3479955;1
3443556;1
3442020;1
3441837;1
3434790;1
3434766;1
3434744;1
3434598;1
3434567;1
3427693;1
3427529;1
3427527;1
3425920;1
3425900;1
3423085;1
3422693;1
3421547;1
3414720;1
3414566;1
3414281;1
3414270;1
3412421;1
3410823;1
3410117;1
3410028;1
3408862;1
3405151;1
3402900;1
3396535;1
3395773;1
3395001;1
3394923;1
3394922;1
3393648;1
3391347;1
3391128;1
3391072;1
3390024;1
3386507;1
3373817;1
3373760;1
3366562;1
3365356;1
3364777;1
3361683;1
3358079;1
3355971;1
3355937;1
3355720;1
3355437;1
3355406;1
3354839;1
3354647;1
3349214;1
3349205;1
3346278;1
3345433;1
3345198;1
3339753;1
3339751;1
3339748;1
3339736;1
3334684;1
3328309;1
3321841;1
3321501;1
3321481;1
3321463;1
3312740;1
3300174;1
3288500;1
3287345;1
3278723;2
3272779;1
3271125;1
3268439;1
3267798;1
3267672;1
3267651;1
3265314;1
3259345;1
3255561;1
3254153;1
3249602;1
3247192;1
3246647;1
3246068;1
3244665;1
3236915;1
3236875;1
3236166;1
3235440;1
3222959;1
3221671;1
3220106;1
3220017;1
3219636;1
3219370;1
3214187;1
3211132;1
3211124;1
3202844;1
3202307;1
3195771;1
3195673;1
3195547;1
3195458;1
3194728;1
3191290;1
3190534;1
3190449;1
3189962;1
3185760;1
3183203;1
3180272;1
3180195;1
3173305;1
3160822;1
3159388;1
3159384;1
3158516;1
3156338;1
3155901;1
3151217;1
3150856;1
3150515;1
3150503;1
3150061;1
3145672;1
3144708;1
3144600;1
3143088;1
3143064;1
3143044;1
3140265;1
3134041;1
3134012;1
3110987;1
3110138;1
3106067;1
3066929;1
3060106;1
3057094;1
3056430;1
3051938;1
3051100;1
3048069;1
3045957;1
3044452;1
3044434;1
3041065;1
3041000;1
3026376;1
2986577;1
2968649;1
2968647;1
2968031;1
2961174;1
2961171;1
2960642;1
2943887;1
2943731;1
2943591;1
2943189;1
2939583;1
2939542;1
2939049;1
2938977;1
2938909;1
2932278;1
2930032;1
2929837;1
2929445;1
2905200;1
2905122;1
2905109;1
2905067;1
2905032;1
2904886;1
2904777;1
2895580;3
2890896;1
2890130;1
2888129;1
2887953;1
2887951;1
2887869;1
2887857;1
2887788;1
2887784;1
2887619;2
2887530;1
2887422;1
2887421;2
2886894;1
2886893;1
2886461;1
2886109;2
2886105;1
2884435;1
2883017;1
2882848;1
2881804;1
2878144;1
2875055;1
2858028;1
2857932;1
2857690;1
2857542;1
2857476;1
2857053;1
2853839;1
2853667;1
2849844;1
2849746;1
2849743;3
2849687;1
2849678;1
2849594;1
2849593;1
2849454;1
2849369;1
2849336;1
2849156;1
2849068;1
2848903;2
2848902;1
2848831;1
2848697;2
2848614;1
2848539;1
2848479;1
2848207;1
2847903;1
2847902;1
2847855;1
2847104;1
2846961;1
2846790;1
2846013;1
2844897;1
2842112;2
2842097;2
2842089;2
2842086;2
2842079;2
2841557;2
2841518;2
2841467;2
2841430;2
2841361;2
2841280;5
2841251;6
2841211;5
2841128;1
2841046;5
2839871;1
2839686;1
2839249;1
2838904;1
2838886;1
2838814;1
2838522;1
2837908;3
2837579;2
2813855;1
2808725;1
2794287;1
2788074;1
2784986;1
2779857;1
2765092;1
2760072;1
2758099;1
2755232;1
2754936;1
2748728;1
2745045;1
2733576;1
2730356;1
2725594;1
2725293;1
2724361;1
2724085;1
2722557;2
2718160;1
2713471;4
2713466;4
2713464;4
2713460;4
2713459;4
2713450;4
2713449;4
2713445;4
2713437;2
2713403;2
2713397;1
2713339;1
2710106;1
2709103;1
2708947;1
2708940;1
2708856;2
2708852;2
2708847;1
2708846;1
2708845;1
2708842;3
2708839;1
2708838;1
2707845;1
2704367;1
2702429;1
2701180;1
2700758;2
2700709;2
2697281;1
2697219;1
2694563;1
2692286;1
2691912;1
2690395;1
2687389;2
2687387;1
2686684;1
2686548;1
2685307;1
2685163;1
2684734;1
2679546;1
2673401;1
2668504;1
2668410;1
2668348;1
2668313;1
2668280;1
2668232;1
2663790;1
2663761;1
2663358;1
2661053;1
2656022;1
2655990;1
2651096;1
2651029;1
2640236;1
2640111;1
2627030;1
2627028;1
2626108;2
2626107;1
2626103;1
2626099;3
2622308;1
2615635;1
2615004;1
2613871;1
2613491;1
2608034;1
2599166;1
2585383;1
2584744;1
2584571;1
2582857;1
2553692;1
2546646;1
2507511;1
2488253;1
2475172;3
2468251;3
2468166;1
2465752;1
2465165;1
2462997;6
2462982;7
2462977;7
2462970;7
2462967;7
2462955;7
2462950;6
2462934;1
2462933;7
2462925;6
2462902;6
2462882;6
2462881;6
2462876;6
2462875;6
2462869;6
2462865;7
2462861;6
2462859;7
2462853;7
2462848;7
2462847;7
2462846;7
2462845;7
2462840;6
2462835;6
2462827;7
2462809;6
2462801;7
2462779;7
2462774;6
2462772;7
2462769;7
2462763;6
2462761;7
2462756;6
2462729;7
2462724;6
2462718;7
2462708;7
2462706;7
2462699;4
2462674;7
2462671;6
2462668;4
2462662;6
2462660;2
2462654;2
2462643;7
2462641;7
2462620;5
2462605;6
2462589;3
2462588;7
2462565;6
2462561;6
2462556;2
2462554;6
2462552;6
2462542;6
2462541;6
2462536;7
2462533;3
2462524;6
2462500;1
2462474;4
2462473;6
2462471;7
2462460;4
2462449;3
2462448;7
2462429;7
2462428;7
2462427;5
2462420;6
2462406;7
2462404;6
2462402;6
2462399;7
2462397;6
2462394;6
2462390;6
2462363;4
2462362;5
2462358;6
2462354;3
2462353;6
2462349;5
2462345;3
2462331;4
2462328;7
2462327;7
2462323;7
2462293;4
2462276;6
2462274;5
2462271;4
2462244;6
2462238;6
2462232;7
2462227;7
2462225;3
2462219;7
2462218;4
2462217;7
2462213;7
2462202;6
2462197;6
2462194;7
2462187;1
2462185;6
2462178;6
2462177;4
2462152;3
2462149;7
2462140;5
2462138;7
2462137;7
2462135;7
2462134;7
2462128;6
2462117;4
2462113;4
2462089;6
2462075;5
2462072;4
2462068;6
2462063;1
2462054;6
2462046;6
2462039;6
2462023;6
2462022;7
2462016;6
2462012;6
2462010;6
2462009;6
2462006;6
2462005;6
2462004;7
2461996;6
2461991;5
2461990;7
2461989;5
2461960;4
2461952;4
2461945;4
2461908;6
2461907;6
2461903;7
2461900;6
2461899;2
2461878;6
2461836;6
2461834;5
2461830;6
2461828;6
2461826;6
2461814;5
2461812;1
2461806;5
2461777;3
2461771;6
2461769;7
2461767;6
2461760;6
2461759;6
2461752;6
2461746;6
2461728;6
2461724;6
2461722;6
2461721;5
2461713;5
2461697;5
2461691;5
2461689;6
2461688;5
2461684;4
2461657;4
2461642;4
2461637;2
2461632;7
2461629;6
2461628;6
2461622;4
2461620;5
2461618;5
2461616;5
2461615;7
2461614;6
2461610;6
2461609;6
2461608;4
2461604;6
2461597;6
2461591;7
2461584;6
2461580;5
2461577;5
2461570;6
2461568;2
2461565;1
2461563;7
2461562;4
2461557;3
2461549;6
2461545;6
2461538;6
2461526;7
2461525;7
2461524;6
2461519;7
2461518;3
2461513;6
2461510;6
2461504;7
2461498;6
2461490;6
2461485;7
2461483;5
2461480;6
2461454;6
2461453;6
2461451;3
2461440;6
2461431;7
2461429;6
2461427;1
2461417;4
2461403;6
2461397;3
2461391;5
2461389;7
2461384;5
2461365;5
2461357;6
2461355;6
2461354;7
2461353;6
2461352;6
2461339;5
2461338;7
2461329;6
2461328;6
2461326;1
2461314;7
2461313;6
2461301;7
2461298;1
2461285;7
2461284;7
2461276;7
2461257;1
2461256;6
2461255;7
2461254;6
2461250;7
2461242;6
2461230;7
2461222;2
2461212;7
2461211;7
2461204;7
2461203;6
2461190;6
2461189;6
2461175;4
2461165;6
2461164;6
2461156;6
2461154;6
2461153;7
2461151;5
2461150;7
2461146;6
2461121;6
2461118;6
2461110;6
2461106;6
2461105;6
2461102;7
2461096;5
2461093;6
2461091;6
2461086;7
2461084;4
2461077;5
2461074;7
2461073;5
2461069;5
2461056;6
2461045;5
2461043;5
2461021;4
2461019;7
2461010;7
2461009;5
2461001;5
2460996;6
2460990;6
2460976;3
2460965;4
2460958;6
2460956;4
2460953;7
2460948;7
2460947;7
2460939;4
2460912;6
2460911;6
2460899;4
2460895;6
2460892;6
2460891;6
2460884;5
2460879;6
2460876;7
2460867;5
2460862;7
2460861;1
2460842;4
2460835;6
2460823;7
2460817;6
2460789;7
2460778;7
2460768;6
2460767;7
2460762;5
2460759;6
2460756;5
2460752;6
2460746;5
2460743;7
2460733;5
2460727;6
2460703;3
2460698;7
2460689;6
2460687;7
2460686;7
2460676;4
2460670;7
2460663;7
2460654;2
2460648;2
2460629;6
2460618;6
2460615;5
2460614;6
2460612;5
2460606;4
2460595;6
2460591;6
2460590;7
2460589;4
2460566;1
2460565;7
2460562;6
2460559;7
2460556;6
2460552;6
2460551;7
2460545;6
2460544;5
2460524;4
2460523;6
2460522;6
2460513;6
2460496;6
2460495;6
2460479;7
2460477;7
2460475;7
2460461;4
2460457;7
2460456;6
2460427;7
2460426;2
2460418;7
2460407;5
2460394;6
2460391;6
2460379;7
2460378;6
2460376;1
2460368;7
2460357;7
2460348;6
2460345;6
2460341;6
2460336;6
2460335;5
2460326;6
2460307;5
2460292;6
2460287;7
2460283;4
2460275;3
2460270;7
2460254;6
2460240;5
2460239;5
2460220;4
2460218;5
2460211;3
2460202;5
2460200;6
2460189;2
2460164;5
2460159;7
2460148;6
2460146;7
2460144;6
2460128;7
2460120;6
2460118;7
2460117;7
2460115;6
2460110;4
2460076;7
2460074;7
2460073;6
2460064;6
2460062;3
2460057;1
2460052;6
2460051;6
2460043;6
2460032;7
2460025;7
2460023;7
2460015;6
2460003;7
2459999;7
2459992;6
2459991;4
2459979;1
2459968;3
2459943;7
2459942;7
2459941;6
2459939;7
2459931;7
2459918;1
2459895;4
2459886;4
2459885;6
2459876;7
2459865;4
2459857;1
2459843;6
2459842;7
2459841;7
2459838;5
2459830;2
2459817;6
2459810;7
2459809;4
2459802;6
2459800;7
2459799;7
2459798;7
2459791;4
2459771;5
2459749;3
2459714;7
2459711;7
2459702;4
2459692;6
2459691;6
2459690;6
2459683;6
2459677;5
2459657;7
2459655;2
2459647;7
2459643;6
2459641;7
2459636;7
2459628;7
2459622;7
2459616;7
2459615;7
2459588;6
2459582;6
2459581;7
2459579;5
2459567;7
2459566;7
2459561;7
2459560;6
2459553;7
2459537;7
2459536;7
2459527;3
2459526;5
2459525;5
2459513;1
2459490;7
2459486;6
2459478;5
2459471;6
2459462;6
2459461;6
2459453;7
2459449;3
2459448;7
2459438;6
2459436;7
2459435;6
2459429;7
2459408;4
2459385;6
2459380;7
2459375;6
2459371;6
2459369;6
2459362;7
2459359;7
2459349;7
2459341;7
2459338;4
2459335;2
2459331;5
2459329;2
2459328;6
2459326;7
2459323;7
2459317;6
2459304;7
2459303;7
2459298;6
2459297;2
2459289;7
2459279;6
2459261;2
2459258;7
2459253;7
2459250;6
2459248;1
2459245;7
2459240;6
2459237;4
2459226;4
2459212;7
2459211;7
2459210;5
2459202;6
2459198;7
2459188;6
2459166;7
2459165;3
2459157;6
2459156;7
2459145;7
2459137;5
2459134;7
2459116;7
2459111;6
2459106;7
2459104;7
2459100;7
2459096;7
2459090;7
2459085;6
2459071;6
2459068;6
2459053;6
2459033;7
2459032;5
2459025;6
2459016;7
2459012;6
2458998;6
2458945;6
2458943;7
2458926;6
2458925;5
2458921;7
2458916;6
2458915;5
2458909;6
2458888;7
2458877;4
2458867;4
2458860;6
2458849;6
2458848;6
2458837;4
2458836;7
2458832;6
2458831;5
2458826;6
2458806;6
2458794;6
2458786;6
2458781;6
2458773;6
2458761;6
2458755;6
2458740;6
2458732;6
2458730;6
2458721;7
2458718;5
2458716;4
2458697;5
2458686;5
2458668;7
2458667;7
2458641;6
2458623;5
2458609;5
2458603;5
2458592;4
2458590;6
2458581;6
2458577;7
2458567;7
2458551;7
2458545;2
2458540;6
2458538;5
2458530;7
2458528;5
2458524;6
2458523;7
2458510;7
2458509;7
2458504;6
2458496;7
2458486;6
2458484;7
2458483;7
2458479;6
2458475;6
2458474;5
2458455;6
2458452;7
2458450;7
2458449;7
2458437;7
2458436;7
2458428;7
2458410;7
2458400;7
2458386;6
2458383;6
2458371;1
2456875;4
2456874;4
2456872;6
2456870;5
2456857;5
2456851;2
2456845;6
2456840;3
2456839;7
2456816;7
2456811;6
2456804;3
2456801;7
2456798;7
2456797;6
2456789;7
2456773;7
2456769;4
2456759;6
2456727;4
2456726;5
2456716;5
2456714;7
2456709;6
2456706;4
2456699;3
2456696;6
2456692;7
2456685;3
2456684;5
2456681;5
2456672;4
2456664;6
2456654;6
2456652;5
2456643;6
2456619;6
2456601;5
2456594;6
2456575;5
2456564;6
2456562;7
2456549;6
2456543;6
2456517;7
2456514;6
2456513;6
2456505;6
2456483;6
2456478;5
2456477;6
2456476;7
2456468;5
2456457;6
2456445;3
2456440;6
2456430;6
2456416;5
2456392;6
2456366;5
2456362;7
2456356;7
2456355;6
2456352;7
2456347;6
2456346;6
2456344;6
2456342;4
2456337;6
2456334;7
2456333;6
2456321;6
2456320;7
2456319;7
2456318;3
2456314;6
2456308;1
2456302;7
2456301;6
2456281;6
2456274;7
2456256;7
2456251;7
2456246;6
2456229;5
2456221;6
2456212;5
2456210;5
2456195;6
2456187;4
2456169;6
2456165;7
2456163;6
2456162;6
2456158;6
2456145;6
2456133;5
2456117;6
2456116;7
2456114;6
2456104;6
2456084;7
2456072;4
2456066;6
2456061;5
2456060;6
2456059;6
2456058;5
2456043;6
2456027;6
2456021;7
2456017;7
2456014;6
2455991;7
2455984;5
2455976;6
2455966;7
2455965;5
2455958;6
2455948;5
2455946;6
2455945;6
2455944;6
2455938;6
2455922;5
2455915;4
2455914;6
2455904;6
2455903;7
2455902;5
2455876;6
2455864;6
2455849;2
2455840;5
2455834;6
2455831;6
2455828;6
2455822;7
2455815;6
2455812;6
2455789;4
2455782;6
2455777;7
2455772;6
2455768;7
2455764;5
2455750;7
2455737;4
2455723;3
2455706;4
2455702;4
2455675;6
2455667;6
2455664;4
2455649;3
2455648;6
2455635;5
2455623;6
2455622;6
2455610;6
2455605;6
2455602;5
2455596;6
2455577;3
2455571;6
2455561;6
2455558;6
2455557;6
2455556;6
2455555;6
2455544;5
2455532;7
2455531;5
2455520;6
2455509;7
2455508;5
2455499;6
2455497;7
2455496;6
2455490;6
2455489;6
2455488;2
2455469;6
2455456;4
2455446;4
2455408;6
2455393;7
2455392;2
2455391;5
2455389;5
2455377;2
2455376;6
2455365;7
2455364;4
2455354;5
2455352;6
2455322;6
2455317;4
2455298;7
2455291;5
2455279;4
2455264;6
2455236;4
2455229;7
2455213;7
2455208;4
2455207;7
2455206;4
2455204;5
2455198;7
2455194;6
2455188;5
2455176;7
2455172;7
2455167;6
2455166;2
2455157;7
2455155;7
2455147;7
2455145;7
2455114;7
2455105;7
2455099;7
2455096;6
2455083;7
2455069;7
2455062;2
2455050;7
2455045;6
2455044;7
2455040;7
2455038;7
2455035;7
2455034;5
2455031;6
2455018;3
2454956;6
2454954;5
2454951;6
2454927;6
2454919;4
2454918;6
2454916;7
2454905;7
2454892;7
2454871;7
2454869;5
2454854;5
2454848;6
2454845;7
2454844;6
2454840;6
2454833;5
2454830;6
2454827;7
2454826;5
2454805;6
2454797;6
2454768;2
2454762;6
2454761;5
2454757;5
2454753;6
2454752;6
2454751;5
2454745;4
2454742;3
2454740;2
2454739;6
2454733;6
2454730;6
2454727;5
2454725;6
2454718;7
2454706;5
2454703;6
2454699;7
2454683;3
2454662;5
2454660;6
2454653;6
2454646;7
2454628;7
2454601;5
2454600;4
2454591;6
2454580;7
2454577;7
2454574;5
2454573;5
2454572;7
2454568;1
2454550;4
2454535;7
2454534;6
2454532;6
2454526;6
2454524;3
2454496;2
2454473;7
2454467;6
2454462;6
2454452;2
2454447;5
2454440;3
2454438;7
2454425;7
2454420;6
2454418;7
2454404;7
2454399;7
2454395;7
2454389;6
2454383;6
2454380;7
2454378;2
2454372;6
2454370;6
2454362;5
2454359;7
2454339;5
2454336;5
2454335;3
2454324;7
2454319;7
2454303;4
2454300;4
2454288;5
2454268;7
2454266;7
2454258;7
2454250;4
2454233;7
2454227;7
2454226;6
2454224;7
2454196;7
2454183;7
2454182;7
2454173;5
2454158;7
2454138;2
2454137;5
2454125;7
2454124;7
2454120;7
2454111;6
2454108;6
2454091;5
2454086;7
2454064;3
2454038;7
2454029;7
2454026;6
2454014;6
2454007;4
2454006;6
2454003;2
2454000;7
2453989;7
2453982;7
2453980;7
2453973;7
2453953;7
2453945;7
2453941;7
2453932;3
2453919;6
2453914;7
2453910;7
2453900;6
2453899;5
2453886;4
2453884;6
2453873;6
2453872;1
2453871;5
2453867;4
2453866;6
2453864;6
2453860;6
2453859;3
2453858;7
2453851;5
2453850;5
2453838;6
2453819;5
2453811;6
2453804;4
2453796;6
2453795;4
2453793;6
2453787;6
2453786;7
2453779;5
2453766;6
2453765;5
2453759;7
2453742;7
2453740;5
2453731;7
2453727;7
2453702;7
2453701;6
2453686;7
2453638;7
2453635;7
2453625;5
2453593;6
2453589;5
2453586;6
2453585;1
2453584;7
2453582;7
2453579;2
2453578;5
2453567;6
2453566;6
2453565;6
2453545;7
2453531;7
2453528;3
2453497;6
2453492;7
2453483;3
2453478;5
2453472;1
2453471;7
2453445;6
2453432;7
2453431;7
2453421;7
2453408;6
2453404;6
2453397;3
2453388;7
2453383;7
2453381;1
2453380;4
2453374;3
2453373;7
2453364;7
2453358;7
2453343;3
2453337;7
2453335;7
2453318;6
2453298;6
2453296;2
2453292;4
2453286;4
2453281;7
2453276;3
2453261;6
2453249;5
2453242;5
2453238;6
2453231;6
2453227;7
2453226;7
2453224;7
2453221;6
2453202;7
2453188;6
2453165;6
2453119;7
2453115;2
2453106;3
2453105;5
2453098;5
2453095;6
2453067;6
2453050;6
2453032;3
2453027;5
2453026;1
2453015;6
2453014;6
2453011;6
2453007;4
2453003;6
2452999;6
2452985;7
2452984;6
2452980;7
2452965;7
2452961;6
2452947;7
2452946;6
2452930;6
2452920;3
2452919;4
2452916;2
2452899;6
2452893;6
2452874;6
2452869;6
2452866;6
2452865;6
2452855;3
2452849;7
2452840;6
2452813;3
2452794;6
2452769;2
2452755;6
2452734;5
2452733;6
2452731;6
2452730;1
2452729;5
2452714;6
2452712;5
2452705;6
2452693;3
2452687;4
2452684;4
2452679;3
2452650;3
2452644;6
2452642;6
2452632;5
2452626;3
2452607;4
2452573;4
2452569;6
2452560;5
2452534;6
2452533;5
2452523;6
2452520;5
2452512;1
2452511;5
2452501;7
2452500;4
2452498;1
2452497;6
2452495;6
2452490;2
2452487;1
2452467;6
2452462;4
2452459;3
2452445;7
2452442;6
2452433;4
2452428;3
2452418;4
2452416;6
2452409;7
2452405;4
2452403;6
2452389;5
2452387;5
2452384;4
2452382;4
2452378;7
2452365;5
2452354;6
2452350;4
2452330;3
2452329;4
2452318;6
2452302;1
2452298;5
2452286;1
2452281;6
2452270;6
2452262;5
2452258;4
2452222;2
2452218;1
2452207;6
2452203;6
2452201;5
2452197;6
2452194;6
2452185;6
2452168;5
2452159;4
2452157;5
2452131;5
2452116;4
2452111;4
2452100;5
2452089;4
2452076;2
2452072;5
2452058;2
2452055;4
2452045;1
2452024;7
2452023;5
2452014;7
2452012;3
2452004;5
2451990;6
2451988;6
2451978;5
2451973;1
2451972;3
2451965;4
2451958;6
2451957;6
2451952;7
2451945;4
2451932;6
2451929;7
2451927;6
2451924;1
2451923;6
2451920;6
2451918;6
2451914;2
2451912;3
2451886;4
2451865;6
2451855;5
2451852;6
2451847;5
2451834;5
2451822;4
2451811;5
2451802;1
2451786;6
2451783;5
2451779;4
2451770;4
2451764;4
2451740;4
2451725;3
2451718;6
2451715;5
2451707;6
2451697;4
2451679;6
2451675;4
2451670;4
2451623;1
2451600;1
2451591;4
2451572;5
2451571;6
2451564;1
2451561;5
2451557;6
2451553;7
2451540;5
2451533;5
2451524;6
2451522;1
2451515;5
2451513;2
2451510;3
2451509;6
2451496;6
2451494;5
2451485;6
2451483;6
2451457;5
2451454;6
2451452;3
2451442;6
2451435;5
2451429;6
2451425;6
2451417;6
2451415;2
2451409;5
2451406;4
2451401;5
2451395;6
2451388;6
2451383;3
2451382;5
2451373;6
2451369;6
2451361;5
2451357;4
2451343;5
2451338;2
2451280;4
2451269;4
2451267;5
2451263;5
2451260;3
2451243;6
2451227;6
2451225;6
2451219;6
2451215;2
2451212;2
2451207;5
2451189;2
2451186;5
2451184;3
2451175;6
2451172;1
2451171;4
2451160;6
2451158;6
2451154;6
2451153;2
2451152;5
2451140;5
2451135;6
2451132;6
2451116;5
2451114;5
2451112;7
2451111;6
2451108;6
2451106;6
2451098;5
2451086;6
2451079;7
2451077;6
2451071;2
2451068;4
2451058;6
2451054;6
2451052;2
2451018;2
2451012;5
2450993;6
2450989;6
2450960;6
2450959;1
2450958;1
2450957;6
2450951;4
2450944;6
2450940;4
2450935;6
2450932;1
2450919;2
2450918;6
2450916;5
2450896;5
2450888;5
2450886;6
2450882;7
2450881;6
2450877;4
2450867;3
2450861;7
2450860;5
2450845;6
2450843;1
2450827;6
2450818;5
2450811;3
2450783;6
2450777;4
2450768;5
2450759;5
2450757;1
2450752;4
2450740;2
2450739;4
2450726;6
2450711;6
2450678;3
2450674;6
2450668;6
2450661;1
2450655;6
2450652;5
2450648;3
2450644;5
2450640;4
2450634;7
2450633;1
2450626;6
2450625;2
2450622;6
2450612;4
2450593;3
2450591;6
2450585;7
2450584;4
2450581;4
2450575;4
2450573;6
2450569;6
2450567;6
2450563;6
2450550;1
2450547;5
2450544;5
2450528;7
2450509;7
2450485;4
2450479;2
2450478;6
2450476;5
2450472;6
2450444;4
2450427;1
2450422;6
2450417;4
2450409;5
2450404;6
2450402;6
2450391;7
2450390;5
2450374;3
2450368;6
2450358;5
2450354;6
2450349;4
2450326;5
2450319;5
2450312;5
2450259;6
2450254;5
2450249;6
2450240;3
2450234;5
2450224;4
2450203;6
2450195;5
2450194;5
2450186;5
2450185;5
2450179;5
2450172;4
2450158;6
2450155;5
2450150;3
2450147;5
2450135;4
2450132;5
2450126;4
2450114;3
2450107;6
2450095;6
2450086;5
2450072;4
2450050;7
2450049;5
2450019;5
2450017;4
2450011;5
2450009;7
2450007;5
2450004;6
2450003;6
2449996;4
2449984;6
2449975;6
2449967;5
2449961;6
2449952;6
2449940;2
2449936;6
2449934;6
2449932;5
2449919;5
2449917;6
2449913;6
2449902;7
2449901;2
2449899;6
2449882;6
2449877;6
2449873;5
2449872;6
2449867;6
2449866;4
2449865;2
2449860;4
2449843;6
2449833;2
2449823;4
2449810;5
2449809;6
2449795;5
2449792;4
2449788;6
2449776;5
2449757;6
2449751;5
2449734;5
2449732;6
2449727;6
2449723;6
2449715;7
2449712;6
2449708;6
2449706;4
2449694;2
2449693;6
2449691;2
2449690;3
2449652;5
2449642;2
2449637;4
2449625;2
2449624;6
2449618;6
2449613;7
2449612;6
2449601;7
2449599;5
2449598;7
2449597;6
2449588;5
2449584;4
2449579;6
2449565;5
2449562;6
2449553;6
2449550;6
2449543;1
2449537;4
2449524;5
2449520;3
2449516;3
2449513;6
2449502;4
2449484;1
2449474;3
2449468;6
2449465;5
2449460;7
2449456;6
2449437;6
2449434;4
2449428;4
2449420;2
2449419;5
2449385;3
2449379;3
2449361;5
2449358;6
2449357;6
2449347;1
2449337;4
2449333;3
2449326;6
2449323;4
2449320;5
2449316;4
2449290;1
2449286;6
2449276;6
2449274;5
2449256;6
2449255;6
2449253;4
2449251;6
2449247;6
2449234;5
2449226;6
2449217;5
2449209;2
2449196;6
2449193;5
2449191;6
2449189;6
2449187;1
2449186;6
2449177;6
2449176;4
2449174;5
2449168;4
2449160;5
2449147;5
2449144;4
2449136;6
2449132;5
2449112;5
2449110;6
2449102;5
2449070;4
2449066;6
2449060;6
2449057;1
2449056;5
2449039;6
2449036;7
2449034;6
2449019;1
2448996;4
2448981;5
2448962;6
2448942;5
2448940;5
2448929;6
2448917;6
2448916;2
2448915;5
2448908;1
2448907;6
2448897;5
2448895;6
2448892;6
2448888;6
2448884;2
2448863;6
2448855;4
2448852;6
2448845;7
2448844;5
2448833;7
2448827;6
2448826;6
2448824;3
2448803;6
2448798;6
2448786;6
2448777;5
2448772;7
2448771;2
2448755;7
2448754;7
2448753;6
2448742;5
2448731;2
2448729;2
2448720;4
2448718;5
2448714;3
2448712;7
2448701;6
2448694;6
2448683;6
2448681;6
2448678;6
2448675;2
2448665;7
2448664;2
2448663;4
2448655;5
2448651;5
2448648;7
2448635;2
2448628;7
2448626;7
2448621;6
2448618;6
2448616;4
2448608;6
2448604;6
2448603;2
2448602;6
2448597;7
2448589;1
2448582;5
2448581;7
2448580;6
2448573;6
2448552;6
2448543;5
2448541;6
2448516;5
2448515;6
2448512;6
2448510;7
2448508;4
2448495;1
2448455;3
2448447;5
2448442;7
2448440;2
2448413;7
2448377;5
2448371;7
2448367;6
2448352;6
2448350;6
2448331;6
2448325;5
2448324;3
2448323;2
2448307;5
2448294;4
2448285;2
2448282;5
2448275;5
2448270;1
2448269;3
2448266;7
2448265;6
2448264;4
2448242;5
2448237;3
2448236;7
2448229;5
2448224;7
2448221;3
2448220;7
2448218;3
2448217;7
2448216;1
2448204;5
2448188;6
2448184;2
2448098;1
2448087;6
2448085;5
2448058;5
2448057;7
2448054;3
2448053;6
2448049;6
2448047;6
2448046;5
2448045;4
2448034;5
2448030;4
2448028;5
2448023;3
2448019;2
2448018;7
2448016;3
2448008;7
2448000;3
2447986;5
2447957;6
2447953;3
2447946;2
2447945;6
2447927;6
2447830;7
2447819;5
2447812;6
2447800;1
2447797;7
2447794;5
2447772;4
2447770;7
2447765;2
2447759;2
2447755;5
2447715;1
2447711;6
2447708;3
2447707;6
2447702;7
2447699;2
2447698;6
2447696;5
2447687;7
2447681;6
2447677;6
2447674;2
2447671;6
2447669;6
2447668;2
2447667;6
2447663;2
2447662;6
2447648;5
2447643;5
2447640;4
2447637;2
2447527;3
2447524;2
2447425;5
2447422;6
2447421;4
2447409;5
2447407;3
2447396;1
2447381;5
2447369;1
2447351;4
2447341;1
2447340;6
2447324;3
2447323;7
2447315;3
2447314;7
2447303;5
2447298;7
2447297;2
2447278;4
2447267;7
2447251;2
2447248;5
2447242;6
2447240;7
2447226;4
2447220;6
2447217;7
2447212;7
2447203;6
2447172;7
2447170;5
2447161;6
2447143;6
2447137;4
2447131;3
2447130;6
2447127;7
2447119;7
2447112;4
2447103;5
2447096;7
2447083;5
2447074;4
2447071;7
2447069;7
2447063;5
2447052;6
2447047;7
2447046;4
2447028;7
2447025;7
2447022;1
2447018;7
2447016;7
2447013;6
2447001;6
2446997;7
2446995;6
2446988;1
2446987;6
2446983;5
2446981;5
2446975;3
2446941;5
2446926;4
2446925;6
2446922;5
2446917;2
2446916;6
2446907;4
2446891;1
2446890;6
2446888;6
2446883;4
2446873;3
2446862;2
2446812;6
2446808;7
2446805;7
2446803;7
2446787;5
2446779;4
2446772;3
2446767;2
2446756;3
2446749;6
2446748;2
2446746;6
2446739;6
2446734;4
2446731;6
2446724;4
2446723;6
2446722;3
2446699;6
2446696;5
2446668;6
2446664;5
2446652;4
2446622;6
2446619;7
2446617;5
2446607;6
2446586;5
2446458;3
2446442;7
2446434;7
2446432;7
2446431;6
2446396;5
2446392;7
2446386;6
2446384;2
2446382;1
2446378;6
2446376;7
2446372;7
2446344;5
2446335;7
2446325;7
2446323;6
2446308;6
2446307;6
2446300;7
2446288;7
2446284;5
2446276;7
2446268;5
2446267;7
2446257;7
2446247;6
2446244;6
2446232;4
2446210;7
2446199;6
2446176;3
2446175;6
2446168;7
2446164;6
2446159;6
2446137;6
2446126;7
2446125;6
2446123;6
2446119;7
2446109;6
2446107;6
2446099;7
2446089;6
2446086;7
2446076;1
2446061;7
2446057;7
2446050;6
2446030;6
2446025;7
2446023;2
2446022;7
2446015;6
2446009;2
2446008;6
2445989;6
2445976;7
2445974;7
2445971;6
2445964;7
2445945;7
2445939;7
2445938;2
2445937;7
2445933;7
2445926;6
2445924;6
2445905;5
2445901;6
2445891;7
2445878;6
2445861;8
2445853;1
2445845;9
2445818;2
2445809;9
2445792;8
2445770;9
2445763;9
2445753;8
2445740;8
2445648;6
2445639;5
2445633;6
2445628;1
2445627;5
2445624;6
2445607;6
2445606;2
2445558;4
2445554;6
2445551;6
2445549;5
2445541;2
2445540;4
2445537;6
2445535;6
2445530;4
2445526;1
2445525;6
2445451;2
2445438;4
2445437;1
2445404;6
2445403;2
2445401;5
2445397;1
2445381;6
2445373;6
2445372;6
2445350;1
2445324;4
2445298;6
2445296;3
2445208;6
2445144;5
2445135;1
2445134;3
2445129;2
2445064;4
2445058;4
2445050;6
2445048;5
2445045;4
2445041;6
2445033;4
2445024;1
2444966;3
2444961;5
2444933;1
2444932;3
2444926;4
2444909;6
2444905;4
2444896;4
2444848;4
2444845;2
2444843;1
2444825;5
2444823;5
2444755;6
2444753;3
2444751;2
2444749;5
2444739;4
2444727;5
2444714;6
2444698;6
2444691;5
2444652;7
2444642;5
2444632;2
2444544;6
2444530;6
2444528;6
2444523;5
2444517;3
2444510;6
2444482;5
2444472;5
2444462;2
2444461;5
2444456;7
2444453;6
2444450;3
2444419;1
2444416;1
2444415;6
2444393;2
2444328;5
2444251;4
2444248;2
2444106;5
2444102;3
2444097;5
2444079;6
2444075;6
2444066;3
2444065;3
2444028;5
2444021;5
2443999;3
2443993;5
2443932;4
2443926;6
2443748;6
2443730;6
2443650;3
2443617;1
2443609;4
2443600;1
2443527;3
2443514;6
2443513;5
2443512;5
2443507;5
2443504;6
2443503;6
2443497;5
2443440;6
2443437;5
2443419;5
2443417;6
2443414;2
2443413;6
2443402;6
2443391;6
2443389;4
2443388;5
2443387;7
2443370;6
2443366;2
2443317;3
2443314;3
2443299;6
2443293;5
2443242;1
2443241;7
2443231;6
2443227;7
2443223;6
2443215;5
2443214;3
2443213;6
2443211;6
2443203;6
2443197;1
2443195;5
2443157;1
2443156;5
2443139;5
2443121;6
2443118;2
2443117;7
2443114;4
2443108;1
2443092;1
2443074;7
2443062;7
2443052;7
2443045;6
2443032;6
2442991;6
2442943;3
2442941;3
2442933;3
2442876;7
2442872;7
2442861;6
2442857;6
2442851;3
2442850;4
2442845;1
2442810;6
2442793;3
2442792;6
2442790;6
2442789;3
2442788;7
2442783;1
2442782;5
2442780;7
2442779;4
2442775;7
2442768;7
2442754;6
2442701;5
2442699;4
2442694;7
2442688;6
2442686;5
2442682;5
2442679;3
2442670;6
2442668;6
2442633;6
2442625;3
2442621;6
2442619;5
2442616;1
2442609;6
2442604;7
2442550;5
2442547;6
2442535;5
2442532;2
2442512;3
2442438;6
2442428;4
2442417;7
2442412;3
2442404;5
2442345;4
2442335;4
2442323;4
2442322;2
2442321;4
2442318;4
2442296;5
2442256;4
2442251;6
2442241;7
2442238;5
2442232;6
2442231;3
2442230;6
2442228;7
2442153;6
2442149;5
2442110;4
2442109;2
2442108;7
2442106;7
2442100;5
2442057;7
2442046;6
2442043;7
2442035;6
2442030;2
2441978;6
2441975;4
2441972;6
2441965;7
2441963;7
2441957;7
2441955;2
2441954;6
2441952;6
2441942;6
2441898;7
2441874;6
2441872;6
2441870;5
2441791;6
2441787;6
2441783;4
2441720;5
2441653;1
2441559;5
2441555;7
2441553;7
2441523;6
2441480;6
2441475;7
2441471;5
2441467;7
2441460;6
2441451;1
2441445;6
2441443;6
2441438;4
2441429;7
2441413;7
2441385;7
2441383;7
2441366;6
2441357;6
2441350;7
2441344;2
2441341;5
2441340;4
2441339;4
2441334;7
2441326;7
2441317;7
2441310;6
2441304;5
2441287;5
2441278;6
2441271;3
2441270;7
2441257;6
2441256;1
2441248;7
2441221;7
2441211;7
2441207;7
2441203;7
2441191;6
2441176;7
2441172;2
2441171;7
2441160;5
2441153;7
2441147;7
2441140;7
2441132;7
2441114;8
2441112;7
2441108;5
2441104;8
2441102;7
2441097;6
2441092;2
2441091;8
2441087;1
2441086;7
2441069;6
2441067;3
2441066;6
2441061;8
2441055;5
2441053;7
2441051;8
2441032;5
2441029;7
2441025;7
2441022;5
2441021;4
2441020;8
2441004;8
2441001;7
2440992;7
2440988;6
2440985;6
2440983;4
2440980;8
2440975;8
2440968;5
2440957;8
2440953;8
2440949;7
2440941;7
2440938;8
2440935;7
2440931;6
2440926;7
2440925;1
2440924;7
2440917;3
2440897;8
2440891;6
2440889;7
2440876;5
2440848;8
2440843;7
2440835;7
2440827;2
2440826;8
2440817;4
2440799;2
2440798;9
2440794;9
2440785;4
2440781;8
2440780;8
2440778;2
2440773;8
2440770;9
2440767;8
2440738;3
2440737;7
2440728;9
2440725;8
2440714;7
2440707;9
2440706;2
2440698;9
2440692;8
2440689;8
2440683;8
2440658;9
2440653;9
2440644;9
2440635;3
2440598;8
2440595;5
2440587;9
2440583;8
2440574;8
2440544;8
2440543;4
2440542;7
2440539;8
2440535;9
2440531;3
2440530;9
2440527;9
2440519;9
2440509;9
2440505;10
2440501;8
2440499;9
2440497;9
2440479;4
2440478;9
2440476;8
2440470;10
2440462;8
2440451;10
2440445;10
2440420;8
2440418;9
2440387;10
2440380;8
2440378;10
2440368;10
2440364;10
2440351;2
2440350;10
2440343;2
2440342;7
2440337;10
2440326;3
2440325;9
2440322;9
2440307;10
2440294;10
2440293;10
2440290;10
2440285;10
2440259;11
2440255;10
2440252;10
2440250;8
2440244;7
2440238;10
2440226;3
2440225;11
2440209;11
2440207;11
2440194;11
2440167;10
2440159;8
2440150;11
2440139;11
2440136;11
2440132;11
2440124;11
2440096;11
2440093;11
2440091;10
2440089;12
2440087;12
2440079;11
2440074;4
2440050;12
2440048;12
2440045;4
2440044;12
2440034;11
2440024;11
2440015;11
2439994;12
2439987;12
2439975;12
2439954;12
2439951;5
2439949;12
2439943;12
2439934;12
2439921;12
2439920;5
2439910;12
2439905;11
2439898;12
2439870;13
2439865;11
2439848;5
2439847;12
2439836;12
2439820;11
2439804;11
2439772;5
2439771;13
2439749;12
2439741;12
2439726;13
2439710;13
2439705;12
2439703;13
2439698;2
2439697;13
2439674;14
2439662;14
2439647;14
2439639;13
2439625;13
2439619;14
2439616;14
2439600;14
2439594;13
2439592;14
2439586;14
2439582;3
2439581;12
2439573;14
2439557;5
2439556;14
2439553;14
2439543;15
2439538;14
2439519;15
2439506;15
2439495;7
2439494;13
2439489;15
2439487;3
2439486;15
2439483;15
2439481;14
2439461;15
2439427;15
2439407;16
2439399;15
2439396;5
2439395;16
2439376;16
2439361;16
2439357;4
2439356;16
2439347;16
2439342;15
2439337;15
2439334;17
2439326;17
2439311;15
2439295;17
2439291;16
2439274;17
2439258;16
2439252;17
2439245;17
2439240;6
2439239;17
2439227;12
2439205;18
2439203;18
2439197;18
2439192;17
2439149;18
2439145;17
2439140;5
2439139;17
2439100;19
2439085;18
2439083;19
2439074;16
2439072;7
2439060;5
2439059;18
2439035;19
2439033;17
2439031;19
2438971;17
2438949;11
2438948;18
2438945;20
2438936;19
2438913;19
2438891;14
2438890;19
2438888;7
2438887;20
2438874;21
2438871;8
2438870;21
2438863;20
2438851;18
2438849;9
2438848;21
2438837;22
2438825;22
2438811;19
2438800;1
2438799;22
2438794;22
2438778;20
2438772;22
2438769;22
2438764;22
2438751;22
2438742;22
2438741;7
2438738;22
2438728;20
2438724;22
2438717;22
2438716;5
2438714;14
2438712;9
2438711;22
2438678;3
2438673;13
2438667;5
2438666;22
2438653;13
2438621;22
2438608;22
2438532;16
2438527;12
2438517;22
2438507;22
2438505;6
2438491;19
2438482;22
2438476;21
2438473;22
2438465;22
2438459;22
2438438;22
2438435;21
2438433;22
2438418;22
2438411;21
2438388;21
2438383;22
2438368;20
2438359;21
2438338;17
2438332;22
2438321;22
2438287;21
2438285;21
2438280;10
2438276;15
2438274;22
2438264;11
2438263;21
2438257;22
2438256;10
2438255;20
2438242;21
2438238;21
2438230;22
2438224;22
2438219;22
2438217;17
2438205;22
2438196;20
2438188;21
2438167;9
2438166;21
2438165;9
2438161;21
2438150;22
2438138;21
2438123;21
2438110;16
2438107;21
2438103;22
2438087;21
2438080;20
2438074;20
2438064;21
2438054;22
2438027;12
2438026;19
2438021;22
2438016;21
2437992;19
2437987;22
2437981;17
2437979;5
2437978;22
2437965;9
2437964;21
2437959;20
2437947;21
2437934;20
2437933;11
2437930;21
2437892;21
2437887;19
2437885;21
2437881;20
2437877;21
2437875;20
2437859;3
2437857;19
2437837;20
2437832;21
2437827;21
2437824;8
2437823;20
2437820;20
2437814;21
2437810;10
2437803;17
2437801;21
2437792;20
2437776;21
2437772;21
2437767;15
2437764;16
2437762;21
2437745;16
2437735;21
2437732;21
2437731;21
2437729;17
2437725;21
2437721;20
2437713;22
2437702;21
2437685;21
2437680;11
2437679;17
2437672;20
2437667;22
2437658;22
2437655;17
2437650;9
2437649;13
2437645;21
2437633;9
2437632;18
2437631;19
2437628;20
2437625;21
2437619;21
2437604;21
2437603;10
2437602;21
2437600;14
2437598;21
2437595;22
2437592;20
2437585;22
2437583;21
2437582;9
2437581;21
2437570;22
2437565;22
2437553;15
2437549;22
2437540;22
2437535;19
2437508;21
2437489;21
2437481;3
2437480;22
2437455;21
2437451;22
2437443;20
2437439;21
2437434;11
2437433;18
2437427;22
2437422;20
2437418;21
2437407;20
2437395;22
2437392;20
2437388;12
2437381;18
2437368;21
2437362;20
2437358;14
2437353;20
2437349;19
2437327;18
2437325;21
2437318;17
2437307;19
2437304;21
2437298;21
2437288;22
2437252;21
2437241;5
2437240;18
2437234;21
2437219;11
2437218;20
2437216;21
2437210;18
2437206;21
2437200;21
2437196;21
2437191;21
2437185;21
2437183;22
2437182;9
2437181;21
2437177;7
2437176;21
2437173;22
2437171;20
2437168;21
2437157;19
2437147;21
2437142;21
2437138;18
2437134;21
2437125;16
2437121;10
2437119;20
2437110;6
2437109;18
2437098;21
2437092;20
2437088;20
2437086;21
2437079;15
2437062;21
2437061;6
2437060;21
2437056;16
2437051;9
2437050;21
2437046;22
2437043;21
2437034;18
2437030;21
2437029;21
2437026;21
2437010;21
2437006;16
2437003;17
2436992;22
2436989;18
2436985;21
2436976;20
2436961;16
2436958;21
2436955;21
2436952;19
2436935;21
2436932;21
2436928;15
2436920;22
2436918;22
2436912;21
2436909;21
2436904;17
2436903;21
2436901;2
2436900;21
2436874;18
2436837;21
2436831;7
2436830;19
2436803;7
2436802;20
2436798;20
2436775;18
2436765;20
2436756;16
2436749;19
2436743;20
2436740;7
2436739;21
2436728;20
2436724;20
2436714;21
2436700;22
2436698;20
2436682;21
2436672;21
2436667;10
2436666;21
2436663;19
2436655;21
2436653;12
2436652;20
2436649;21
2436646;20
2436641;21
2436632;20
2436613;20
2436610;21
2436605;17
2436600;17
2436591;20
2436583;20
2436578;19
2436566;20
2436564;21
2436561;20
2436559;18
2436556;21
2436554;20
2436546;21
2436544;10
2436543;21
2436537;10
2436536;21
2436529;12
2436526;18
2436520;10
2436519;21
2436517;21
2436512;20
2436509;10
2436508;21
2436492;10
2436491;20
2436474;16
2436461;20
2436459;20
2436456;20
2436416;10
2436415;17
2436407;22
2436402;21
2436392;8
2436391;22
2436388;22
2436378;17
2436366;7
2436365;22
2436357;21
2436348;20
2436338;5
2436337;22
2436330;20
2436325;19
2436317;20
2436311;20
2436295;19
2436289;21
2436278;9
2436277;21
2436273;21
2436269;21
2436268;3
2436267;21
2436265;22
2436255;21
2436250;22
2436241;19
2436236;21
2436224;20
2436219;18
2436218;5
2436217;21
2436212;21
2436197;22
2436193;20
2436178;4
2436173;21
2436171;20
2436168;22
2436162;9
2436161;21
2436157;17
2436152;18
2436151;8
2436150;21
2436145;17
2436142;22
2436141;6
2436140;22
2436136;16
2436132;18
2436128;22
2436121;21
2436120;10
2436119;21
2436117;21
2436112;22
2436107;13
2436104;22
2436097;21
2436091;21
2436088;21
2436083;21
2435727;3
2435722;1
2435721;4
2435717;13
2435713;4
2435712;18
2435709;19
2435692;19
2435684;19
2435679;20
2435674;21
2435669;20
2435661;21
2435659;7
2435655;20
2435642;18
2435637;19
2435629;9
2435628;22
2435624;21
2435612;21
2435599;21
2435594;19
2435586;21
2435584;10
2435583;15
2435582;16
2435581;13
2435579;22
2435574;20
2435572;20
2435569;20
2435559;20
2435553;19
2435549;11
2435547;21
2435543;21
2435539;20
2435523;19
2435522;8
2435519;20
2435509;21
2435501;21
2435499;22
2435494;22
2435488;22
2435482;8
2435475;1
2435472;12
2435468;21
2435466;19
2435464;1
2435448;21
2435446;21
2435440;2
2435434;11
2435425;22
2435422;21
2435416;22
2435395;20
2435388;21
2435385;21
2435378;22
2435373;21
2435361;22
2435359;22
2435357;4
2435356;22
2435352;10
2435351;22
2435345;21
2435341;21
2435336;6
2435325;8
2435324;21
2435314;22
2435308;21
2435292;2
2435275;22
2435272;21
2435264;3
2435261;14
2435258;11
2435257;19
2435245;22
2435234;19
2435229;22
2435219;22
2435215;21
2435199;20
2435196;21
2435188;22
2435183;22
2435175;22
2435167;20
2435165;15
2435162;22
2435161;2
2435158;6
2435155;6
2435148;8
2435140;8
2435074;8
2435073;22
2435044;22
2435041;21
2435023;23
2435014;22
2435008;10
2435006;21
2435002;20
2434999;22
2434980;16
2434952;11
2434936;21
2434928;22
2434917;19
2434897;23
2434887;22
2434884;21
2434877;21
2434875;19
2434852;2
2434841;20
2434828;21
2434823;19
2434808;19
2434806;20
2434793;22
2434789;21
2434770;21
2434745;21
2434739;19
2434737;21
2434723;22
2434708;6
2434706;13
2434672;21
2434666;20
2434662;22
2434659;22
2434649;21
2434633;6
2434630;19
2434585;10
2434555;22
2434541;21
2434539;19
2434532;5
2434523;19
2434498;21
2434494;4
2434493;21
2434472;18
2434460;16
2434453;6
2434452;21
2434440;20
2434438;19
2434434;22
2434432;22
2434429;22
2434414;22
2434404;3
2434403;22
2434392;22
2434388;21
2434377;20
2434340;22
2434336;22
2434333;20
2434331;6
2434329;11
2434322;5
2434321;20
2434320;3
2434319;20
2434312;18
2434301;10
2434291;13
2434274;9
2434271;22
2434269;21
2434264;17
2434247;22
2434225;21
2434213;21
2434209;21
2434202;4
2434201;22
2434197;19
2434168;12
2434164;16
2434157;18
2434149;8
2434148;13
2434128;5
2434114;19
2434100;19
2434095;9
2434094;20
2434088;12
2434086;21
2434083;2
2434082;19
2434075;21
2434069;6
2434068;5
2434067;22
2434055;6
2434054;22
2434051;20
2434049;22
2434045;22
2434043;22
2434041;4
2434039;16
2434035;22
2434033;7
2434032;21
2434012;22
2434008;19
2434001;21
2433997;21
2433991;20
2433964;21
2433956;18
2433954;21
2433948;6
2433947;22
2433945;19
2433942;5
2433928;4
2433927;6
2433912;21
2433907;21
2433900;20
2433896;6
2433895;19
2433863;6
2433862;22
2433854;21
2433843;5
2433842;21
2433840;10
2433834;22
2433820;23
2433815;21
2433810;16
2433802;7
2433800;21
2433793;21
2433791;9
2433781;10
2433777;19
2433775;21
2433772;17
2433755;19
2433742;9
2433741;21
2433735;20
2433727;20
2433707;21
2433694;20
2433688;20
2433680;19
2433670;22
2433668;22
2433664;7
2433663;22
2433655;20
2433650;22
2433648;21
2433644;21
2433635;3
2433634;22
2433632;18
2433620;17
2433617;17
2433608;5
2433597;21
2433593;21
2433570;16
2433568;21
2433563;20
2433519;15
2433503;9
2433500;21
2433489;19
2433483;21
2433474;20
2433454;22
2433449;20
2433433;5
2433432;21
2433419;21
2433414;21
2433408;22
2433405;21
2433394;19
2433390;21
2433384;21
2433373;18
2433363;8
2433362;21
2433345;19
2433310;21
2433308;18
2433302;17
2433287;7
2433286;21
2433275;20
2433267;20
2433256;21
2433253;20
2433235;19
2433232;19
2433221;20
2433214;20
2433207;20
2433197;21
2433184;9
2433183;20
2433177;21
2433164;8
2433163;21
2433161;19
2433143;19
2433124;20
2433121;6
2433109;22
2433104;20
2433084;16
2433079;22
2433076;18
2433029;6
2433028;19
2433017;21
2432991;20
2432985;20
2432981;18
2432953;20
2432938;21
2432936;21
2432918;21
2432903;22
2432897;7
2432896;21
2432892;8
2432891;19
2432885;6
2432884;19
2432877;22
2432875;22
2432868;22
2432867;6
2432866;22
2432859;21
2432858;8
2432856;21
2432852;21
2432847;21
2432842;7
2432841;20
2432833;21
2432823;19
2432813;9
2432812;14
2432802;4
2432801;20
2432789;21
2432774;22
2432772;21
2432760;7
2432759;20
2432735;21
2432711;21
2432701;22
2432696;22
2432687;19
2432680;4
2432663;19
2432657;6
2432656;20
2432632;6
2432630;21
2432616;19
2432601;12
2432590;19
2432573;18
2432557;21
2432541;22
2432535;19
2432524;20
2432522;19
2432499;19
2432466;1
2432464;9
2432444;4
2432443;21
2432428;19
2432373;21
2432348;9
2432345;22
2432343;6
2432342;22
2432339;20
2432325;22
2432320;21
2432309;20
2432307;17
2432257;21
2432235;15
2432234;5
2432233;20
2432201;19
2432191;21
2432189;7
2432188;20
2432179;19
2432178;12
2432174;22
2432164;19
2432136;21
2432132;21
2432126;22
2432118;20
2432115;22
2432107;2
2432096;21
2432091;15
2432082;6
2432081;20
2432064;21
2432055;6
2432054;22
2432047;22
2432045;22
2432043;21
2432033;22
2432024;22
2431997;20
2431980;22
2431973;4
2431972;21
2431955;22
2431952;22
2431940;5
2431939;21
2431936;22
2431917;21
2431907;12
2431903;21
2431895;21
2431893;9
2431892;21
2431890;22
2431874;7
2431873;22
2431870;22
2431862;22
2431860;13
2431851;17
2431821;21
2431811;18
2431803;20
2431789;3
2431788;20
2431771;7
2431770;22
2431768;20
2431763;11
2431762;15
2431761;1
2431760;10
2431741;15
2431728;21
2431719;18
2431709;21
2431701;21
2431689;20
2431686;1
2431685;22
2431679;14
2431675;9
2431674;18
2431670;22
2431668;2
2431666;20
2431651;5
2431650;22
2431646;20
2431639;22
2431630;7
2431629;22
2431625;3
2431624;6
2431622;7
2431621;21
2431618;13
2431608;4
2431605;22
2431599;20
2431586;14
2431584;14
2431582;21
2431575;22
2431572;22
2431568;21
2431561;22
2431554;11
2431553;20
2431542;13
2431530;22
2431528;22
2431521;22
2431519;7
2431518;22
2431510;23
2431500;22
2431497;21
2431489;22
2431487;6
2431486;20
2431482;22
2431479;14
2431469;22
2431465;19
2431461;4
2431460;21
2431451;21
2431444;22
2431439;22
2431436;22
2431430;22
2431428;22
2431424;6
2431423;21
2431414;21
2431411;9
2431409;22
2431402;6
2431401;22
2431398;20
2431385;22
2431378;22
2431375;4
2431374;22
2431364;17
2431361;15
2431360;14
2431359;17
2431357;21
2431347;6
2431346;22
2431338;22
2431335;14
2431333;22
2431329;22
2431322;19
2431319;21
2431307;20
2431299;21
2431292;14
2431287;22
2431278;22
2431273;21
2431267;21
2431261;7
2431260;8
2431259;22
2431258;7
2431257;22
2431250;22
2431238;22
2431235;4
2431234;22
2431231;22
2431230;6
2431229;22
2431228;6
2431227;22
2431223;22
2431220;20
2431212;22
2431210;12
2431209;6
2431208;14
2431206;22
2431202;14
2431187;3
2431186;5
2431185;22
2431178;14
2431175;13
2431169;6
2431167;22
2431162;5
2431161;21
2431153;21
2431148;22
2431140;13
2431133;21
2431128;20
2431126;17
2431114;16
2431113;17
2431097;21
2431082;22
2431076;22
2431072;22
2431070;4
2431069;21
2431063;21
2431060;22
2431051;17
2431049;14
2431047;11
2431044;21
2431020;22
2431016;5
2431015;21
2431009;22
2431006;22
2431004;18
2431003;9
2431002;20
2431001;11
2430999;20
2430997;21
2430991;16
2430987;22
2430985;22
2430982;12
2430977;5
2430976;21
2430972;8
2430971;20
2430969;23
2430967;17
2430959;9
2430957;20
2430948;16
2430941;21
2430934;22
2430930;22
2430917;10
2430915;14
2430913;16
2430910;23
2430908;22
2430905;1
2430904;17
2430902;7
2430901;22
2430898;22
2430892;9
2430891;21
2430889;22
2430887;22
2430885;9
2430884;22
2430881;6
2430880;7
2430879;21
2430869;22
2430864;16
2430861;9
2430860;22
2430854;22
2430850;21
2430848;21
2430846;22
2430832;22
2430830;11
2430827;22
2430820;9
2430819;22
2430811;22
2430800;9
2430799;23
2430797;22
2430790;5
2430789;22
2430787;22
2430783;22
2430780;23
2430777;22
2430776;9
2430775;22
2430764;8
2430763;23
2430758;23
2430756;22
2430743;22
2430740;22
2430739;9
2430738;22
2430730;22
2430728;23
2430715;15
2430705;9
2430704;22
2430695;22
2430694;9
2430693;22
2430687;23
2430685;16
2430683;9
2430680;20
2430677;10
2430676;22
2430660;23
2430654;12
2430653;17
2430652;9
2430651;22
2430648;5
2430647;22
2430640;20
2430637;22
2430635;22
2430624;22
2430621;23
2430616;22
2430615;8
2430614;21
2430612;8
2430609;8
2430598;20
2430594;12
2430581;22
2430573;8
2430572;22
2430567;10
2430566;9
2430565;22
2430551;22
2430543;9
2430542;22
2430535;22
2430528;4
2430527;7
2430526;22
2430521;22
2430509;22
2430493;23
2430476;23
2430474;22
2430469;23
2430459;22
2430454;23
2430440;22
2430424;22
2430409;12
2430407;7
2430406;22
2430392;22
2430391;9
2430390;22
2430381;7
2430363;9
2430362;22
2430357;22
2430353;22
2430349;6
2430348;22
2430342;21
2430339;19
2430338;15
2430336;9
2430335;22
2430331;23
2430325;23
2430319;7
2430318;23
2430316;22
2430313;8
2430312;22
2430301;22
2430296;7
2430295;23
2430286;22
2430279;5
2430278;20
2430263;23
2430250;22
2430236;7
2430234;22
2430219;20
2430216;6
2430211;8
2430210;23
2430195;9
2430194;22
2430167;22
2430165;7
2430164;8
2430163;21
2430151;22
2430148;21
2430147;14
2430145;21
2430141;22
2430138;22
2430136;22
2430129;20
2430120;24
2430115;24
2430111;9
2430110;23
2430103;15
2430098;7
2430097;24
2430094;9
2430093;22
2430067;23
2430055;19
2430038;1
2430036;2
2430029;17
2430026;24
2430009;24
2430006;16
2430005;7
2430004;10
2430000;23
2429990;11
2429989;22
2429981;4
2429980;8
2429979;23
2429969;23
2429917;16
2429908;22
2429898;6
2429890;19
2429889;13
2429876;22
2429871;23
2429865;12
2429863;24
2429855;7
2429852;7
2429842;7
2429832;13
2429831;6
2429824;23
2429820;8
2429811;23
2429797;3
2429796;7
2429782;6
2429779;24
2429775;22
2429772;17
2429770;6
2429769;6
2429768;21
2429761;19
2429753;19
2429749;12
2429748;8
2429740;7
2429737;7
2429736;22
2429713;6
2429706;22
2429700;24
2429698;6
2429694;22
2429683;24
2429675;20
2429673;22
2429668;16
2429666;22
2429662;6
2429654;5
2429649;6
2429643;4
2429642;6
2429641;22
2429639;17
2429637;15
2429635;6
2429627;21
2429625;7
2429612;22
2429606;6
2429605;7
2429583;3
2429582;3
2429581;7
2429577;18
2429567;16
2429552;20
2429550;6
2429544;16
2429525;6
2429512;6
2429510;23
2429506;8
2429481;7
2429472;24
2429470;22
2429464;22
2429458;11
2429456;23
2429452;23
2429450;24
2429448;9
2429447;22
2429437;21
2429428;21
2429426;1
2429416;21
2429414;19
2429412;3
2429411;2
2429410;6
2429409;20
2429390;20
2429386;21
2429379;9
2429368;10
2429356;1
2429350;6
2429348;21
2429327;21
2429323;6
2429312;6
2429309;21
2429307;21
2429301;20
2429273;20
2429266;21
2429262;18
2429261;6
2429260;21
2429247;20
2429241;10
2429237;21
2429233;13
2429221;21
2429214;21
2429206;2
2429205;5
2429199;5
2429171;1
2429165;7
2429155;2
2429139;7
2429130;11
2429114;8
2429110;10
2429108;12
2429099;8
2429092;7
2429090;6
2429071;6
2429069;8
2429068;8
2429065;8
2429059;2
2429058;12
2429051;1
2429050;12
2429034;1
2429033;7
2429025;4
2429024;12
2429022;9
2429015;3
2429014;5
2429009;12
2429004;10
2429002;8
2428999;13
2428997;13
2428994;6
2428986;5
2428985;3
2428984;13
2428980;9
2428974;13
2428971;1
2428970;12
2428967;9
2428964;7
2428962;9
2428960;7
2428946;8
2428943;8
2428932;2
2428931;6
2428895;8
2428887;12
2428883;8
2428875;1
2428874;4
2428873;12
2428869;12
2428867;13
2428860;6
2428859;9
2428839;1
2428838;13
2428836;12
2428833;13
2428823;12
2428821;8
2428816;13
2428810;10
2428807;13
2428803;6
2428798;7
2428797;8
2428796;8
2428773;13
2428768;12
2428762;1
2428761;13
2428756;1
2428755;9
2428748;13
2428739;6
2428738;1
2428735;12
2428732;6
2428728;13
2428725;12
2428723;13
2428708;12
2428692;9
2428691;6
2428689;16
2428682;7
2428676;16
2428673;16
2428671;8
2428663;12
2428659;6
2428657;9
2428650;1
2428649;22
2428645;13
2428642;8
2428640;14
2428638;8
2428636;8
2428635;8
2428633;10
2428632;22
2428629;3
2428628;13
2428625;18
2428620;11
2428618;4
2428617;9
2428616;10
2428615;17
2428612;12
2428609;3
2428606;8
2428603;21
2428599;21
2428595;22
2428593;7
2428592;21
2428591;8
2428587;21
2428583;21
2428577;14
2428575;23
2428573;5
2428571;22
2428568;11
2428567;11
2428558;2
2428553;2
2428548;2
2428541;4
2428540;8
2428536;19
2428532;1
2428524;2
2428519;19
2428518;7
2428517;1
2428515;8
2428514;20
2428503;8
2428498;21
2428495;8
2428490;2
2428489;4
2428488;20
2428484;20
2428483;3
2428482;22
2428481;1
2428477;5
2428476;18
2428475;23
2428472;15
2428470;5
2428469;23
2428468;12
2428467;14
2428459;13
2428458;8
2428457;22
2428454;14
2428451;23
2428448;20
2428446;22
2428442;15
2428440;4
2428439;23
2428435;20
2428433;14
2428428;3
2428427;11
2428424;10
2428411;12
2428409;11
2428405;10
2428404;5
2428403;9
2428400;10
2428391;8
2428386;6
2428377;8
2428361;8
2428356;1
2428355;7
2428351;7
2428342;8
2428337;8
2428334;7
2428328;7
2428326;8
2428324;8
2428318;6
2428315;6
2428313;5
2428312;8
2428310;2
2428309;8
2428304;3
2428303;8
2428293;9
2428288;5
2428281;9
2428273;6
2428260;5
2428258;7
2428250;9
2428241;1
2428239;9
2428225;9
2428222;8
2428219;1
2428218;7
2428215;8
2428213;9
2428206;1
2428205;7
2428203;8
2428147;1
2428100;2
2428098;4
2428095;5
2428086;2
2428068;2
2428066;6
2428058;1
2428055;1
2428053;2
2428052;1
2428039;6
2428027;8
2428024;6
2428016;8
2428012;8
2428007;8
2428001;3
2427999;8
2427993;5
2427991;5
2427989;7
2427986;1
2427985;5
2427982;5
2427972;4
2427970;3
2427967;7
2427966;5
2427942;7
2427924;7
2427913;5
2427906;8
2427903;1
2427896;7
2427890;8
2427888;6
2427883;6
2427879;9
2427876;8
2427871;5
2427867;1
2427861;2
2427860;3
2427859;7
2427850;6
2427849;2
2427843;8
2427836;4
2427835;5
2427829;8
2427826;3
2427825;8
2427819;8
2427817;2
2427803;8
2427799;7
2427792;7
2427790;1
2427789;7
2427785;6
2427781;8
2427779;7
2427776;8
2427750;8
2427744;8
2427732;7
2427723;6
2427693;7
2427680;8
2427674;8
2427671;7
2427648;7
2427641;8
2427632;4
2427631;8
2427626;7
2427621;8
2427617;6
2427613;5
2427612;3
2427601;7
2427594;3
2427593;9
2427586;8
2427559;5
2427557;7
2427551;8
2427548;6
2427539;4
2427535;1
2427529;3
2427526;8
2427510;2
2427503;5
2427502;6
2427492;8
2427489;8
2427486;6
2427485;2
2427476;8
2427471;8
2427466;8
2427461;8
2427458;1
2427457;8
2427435;8
2427432;8
2427427;8
2427425;4
2427422;2
2427414;8
2427410;5
2427401;8
2427396;8
2427393;3
2427390;5
2427387;6
2427371;1
2427368;8
2427354;8
2427348;7
2427319;9
2427316;9
2427311;8
2427309;6
2427306;8
2427284;8
2427281;6
2427279;4
2427276;8
2427272;6
2427262;5
2427250;2
2427249;5
2427248;3
2427242;8
2427234;7
2427220;7
2427212;7
2427204;8
2427202;9
2427200;6
2427198;6
2427190;3
2427187;8
2427181;1
2427179;2
2427178;7
2427175;5
2427169;8
2427167;6
2427160;6
2427156;8
2427149;5
2427144;9
2427143;8
2427137;5
2427122;8
2427118;1
2427117;2
2427109;7
2427102;7
2427084;7
2427080;6
2427077;8
2427075;9
2427070;7
2427064;8
2427063;1
2427062;8
2427056;6
2427045;1
2427044;8
2427041;1
2427039;6
2427035;7
2427028;5
2427022;1
2427014;6
2427009;8
2427005;6
2427003;8
2426996;8
2426991;1
2426990;7
2426986;1
2426985;7
2426981;8
2426976;8
2426974;8
2426972;3
2426971;4
2426963;5
2426958;8
2426953;8
2426950;7
2426938;8
2426932;8
2426927;8
2426922;6
2426920;5
2426909;4
2426907;8
2426901;8
2426891;6
2426885;5
2426863;3
2426851;7
2426845;8
2426821;2
2426817;5
2426813;6
2426797;8
2426773;8
2426751;6
2426733;1
2426721;2
2426710;8
2426698;6
2426691;2
2426690;6
2426683;5
2426673;5
2426669;8
2426661;8
2426648;5
2426646;3
2426644;1
2426642;7
2426631;8
2426626;1
2426625;7
2426622;5
2426619;8
2426610;8
2426606;8
2426593;8
2426589;8
2426582;8
2426568;8
2426564;7
2426554;8
2426548;3
2426547;3
2426537;8
2426534;8
2426529;4
2426528;3
2426525;8
2426522;8
2426511;8
2426505;8
2426501;2
2426500;8
2426497;8
2426493;6
2426484;1
2426481;8
2426475;4
2426473;1
2426472;4
2426463;1
2426461;8
2426446;9
2426423;6
2426421;6
2426418;7
2426399;5
2426393;8
2426388;8
2426384;7
2426367;6
2426363;8
2426356;7
2426337;3
2426336;4
2426311;4
2426307;8
2426292;6
2426287;8
2426274;8
2426270;8
2426262;8
2426260;8
2426256;8
2426250;8
2426247;5
2426243;6
2426238;6
2426224;8
2426218;6
2426212;8
2426209;5
2426201;6
2426199;8
2426197;8
2426187;8
2426184;2
2426183;8
2426179;7
2426178;1
2426177;7
2426174;8
2426169;8
2426167;7
2426165;6
2426155;8
2426152;8
2426147;7
2426144;8
2426142;8
2426137;3
2426136;5
2426130;6
2426123;8
2426118;6
2426114;7
2426112;8
2426107;8
2426097;8
2426086;8
2426075;7
2426072;8
2426070;3
2426061;6
2426055;7
2426048;1
2426047;8
2426041;8
2426036;3
2426035;7
2426033;9
2426024;4
2426022;6
2426017;1
2426016;8
2426014;7
2426007;8
2425993;7
2425991;3
2425990;6
2425983;9
2425976;8
2425970;5
2425957;8
2425955;8
2425952;8
2425944;8
2425940;7
2425926;8
2425912;4
2425910;6
2425903;1
2425897;2
2425893;2
2425883;3
2425882;5
2425880;7
2425877;6
2425867;8
2425856;7
2425850;8
2425829;9
2425807;9
2425797;7
2425790;1
2425788;5
2425787;5
2425776;8
2425771;6
2425764;7
2425760;6
2425747;4
2425744;8
2425742;5
2425739;4
2425729;2
2425721;1
2425719;7
2425713;8
2425710;8
2425708;8
2425704;7
2425694;5
2425692;8
2425686;6
2425668;7
2425666;6
2425664;6
2425655;1
2425654;6
2425638;8
2425636;8
2425634;6
2425621;2
2425598;6
2425581;7
2425579;7
2425571;6
2425549;8
2425544;7
2425530;3
2425527;8
2425521;8
2425515;1
2425514;8
2425509;7
2425507;4
2425501;8
2425496;1
2425495;7
2425493;8
2425486;8
2425478;7
2425476;7
2425453;2
2425451;8
2425449;7
2425439;8
2425430;7
2425426;5
2425424;7
2425420;8
2425415;8
2425404;2
2425403;7
2425400;7
2425397;7
2425384;8
2425375;8
2425372;8
2425368;8
2425363;2
2425360;1
2425359;8
2425352;7
2425349;8
2425345;8
2425339;6
2425335;7
2425328;8
2425316;6
2425305;5
2425300;8
2425297;7
2425292;8
2425290;8
2425280;8
2425278;8
2425261;2
2425260;7
2425252;8
2425246;8
2425245;8
2425242;7
2425230;8
2425218;8
2425212;8
2425208;8
2425206;8
2425205;8
2425202;8
2425197;5
2425194;8
2425191;8
2425182;8
2425178;4
2425168;7
2425164;3
2425163;6
2425161;8
2425157;3
2425143;7
2425131;2
2425130;6
2425124;7
2425108;5
2425101;8
2425098;2
2425097;6
2425092;7
2425083;7
2425081;8
2425080;8
2425078;9
2425075;2
2425069;7
2425040;8
2425037;8
2425034;8
2425027;4
2425014;8
2425012;8
2425002;8
2424995;4
2424988;8
2424984;8
2424974;7
2424972;7
2424959;7
2424925;7
2424916;8
2424911;4
2424904;2
2424903;6
2424898;8
2424896;7
2424894;6
2424890;7
2424874;3
2424869;8
2424860;1
2424858;4
2424855;7
2424838;4
2424820;2
2424816;5
2424813;2
2424812;6
2424791;6
2424788;2
2424776;8
2424772;8
2424765;2
2424760;7
2424756;8
2424753;6
2424749;6
2424729;4
2424723;8
2424717;5
2424709;7
2424704;7
2424699;1
2424688;4
2424677;8
2424675;5
2424673;7
2424658;7
2424657;1
2424656;7
2424652;7
2424651;8
2424648;8
2424630;7
2424612;2
2424611;6
2424605;5
2424587;7
2424586;8
2424584;1
2424571;8
2424567;1
2424566;8
2424565;7
2424560;3
2424559;5
2424556;8
2424543;6
2424540;2
2424538;6
2424526;3
2424503;5
2424501;5
2424497;6
2424488;8
2424482;7
2424478;5
2424469;1
2424468;7
2424465;8
2424463;6
2424444;8
2424442;5
2424419;8
2424409;2
2424397;7
2424393;8
2424389;8
2424385;8
2424384;8
2424382;6
2424371;6
2424368;8
2424359;7
2424338;8
2424335;4
2424333;4
2424332;1
2424313;6
2424309;1
2424304;5
2424302;2
2424301;8
2424295;7
2424288;8
2424284;5
2424281;8
2424277;8
2424275;6
2424264;8
2424254;7
2424248;4
2424232;1
2424231;7
2424229;1
2424228;6
2424227;4
2424226;6
2424225;4
2424220;8
2424217;3
2424215;8
2424208;2
2424207;8
2424205;1
2424190;5
2424183;8
2424181;8
2424176;8
2424173;8
2424167;1
2424166;7
2424163;8
2424161;8
2424144;7
2424138;8
2424131;8
2424127;8
2424124;8
2424122;5
2424119;3
2424117;8
2424111;8
2424094;7
2424087;1
2424062;2
2424061;8
2424057;4
2424056;4
2424051;8
2424048;8
2424038;8
2424021;8
2424010;8
2424006;8
2424002;7
2423965;8
2423962;6
2423961;2
2423960;6
2423955;6
2423954;4
2423951;8
2423945;8
2423939;8
2423933;8
2423930;4
2423925;7
2423923;7
2423916;9
2423914;8
2423910;8
2423900;8
2423882;8
2423879;7
2423875;1
2423874;8
2423868;6
2423856;8
2423851;8
2423849;1
2423848;8
2423834;3
2423829;2
2423819;8
2423813;8
2423804;1
2423803;5
2423787;8
2423763;8
2423755;8
2423753;8
2423748;8
2423738;7
2423732;8
2423721;8
2423717;1
2423715;5
2423703;8
2423687;8
2423674;8
2423667;8
2423650;7
2423638;4
2423635;8
2423632;8
2423629;8
2423626;8
2423622;1
2423620;8
2423610;7
2423601;8
2423598;7
2423594;8
2423591;8
2423583;8
2423581;8
2423577;6
2423564;9
2423562;8
2423556;8
2423551;7
2423541;8
2423538;8
2423535;8
2423529;8
2423524;6
2423506;8
2423502;8
2423499;8
2423494;8
2423491;8
2423487;8
2423476;8
2423473;8
2423470;1
2423461;8
2423455;6
2423445;9
2423443;6
2423418;6
2423417;7
2423378;9
2423363;8
2423356;8
2423353;8
2423349;8
2423341;8
2423329;8
2423323;8
2423317;8
2423311;8
2423310;2
2423309;6
2423301;8
2423296;8
2423293;8
2423285;2
2423284;6
2423281;8
2423276;2
2423270;8
2423268;9
2423266;8
2423265;9
2423263;8
2423262;10
2423260;10
2423256;7
2423252;8
2423251;10
2423250;8
2423249;1
2423248;8
2423246;2
2423245;8
2423242;9
2423240;3
2423239;7
2423238;9
2423235;8
2423234;10
2423233;8
2423232;10
2423229;1
2423227;4
2423225;9
2423223;9
2423222;9
2423221;9
2423214;4
2423213;7
2423211;16
2423206;10
2423204;10
2423202;10
2423200;3
2423199;16
2423198;8
2423197;10
2423194;9
2423193;9
2423190;1
2423189;9
2423188;9
2423186;9
2423185;1
2423182;8
2423181;5
2423180;10
2423176;11
2423175;6
2423174;9
2423172;10
2423170;10
2423168;10
2423165;10
2423163;10
2423160;10
2423158;10
2423156;10
2423154;10
2423153;4
2423152;9
2423151;9
2423145;1
2423144;8
2423143;10
2423141;10
2423139;8
2423138;10
2423135;10
2423129;6
2423124;5
2423122;8
2423116;10
2423115;9
2423113;9
2423109;9
2423106;10
2423104;5
2423103;6
2423102;8
2423101;2
2423100;7
2423099;1
2423098;8
2423097;8
2423095;10
2423093;8
2423092;10
2423088;10
2423086;8
2423084;5
2423082;10
2423077;10
2423073;10
2423071;10
2423070;8
2423069;10
2423067;10
2423063;9
2423059;3
2423058;6
2423056;9
2423055;5
2423053;10
2423051;2
2423050;8
2423049;9
2423047;2
2423046;9
2423042;10
2423041;9
2423040;7
2423036;4
2423035;8
2423032;4
2423030;4
2423029;6
2423023;11
2423018;10
2423013;9
2423010;9
2423005;8
2423004;8
2423000;6
2422998;10
2422996;3
2422989;1
2422988;8
2422986;3
2422985;3
2422979;4
2422978;6
2422974;3
2422973;9
2422971;5
2422967;8
2422965;9
2422962;9
2422961;4
2422960;6
2422958;10
2422954;8
2422948;5
2422946;8
2422944;9
2422939;1
2422938;8
2422937;1
2422936;9
2422935;9
2422933;3
2422932;5
2422929;11
2422923;10
2422919;1
2422917;10
2422916;9
2422914;2
2422913;8
2422911;7
2422910;4
2422909;1
2422908;8
2422907;10
2422903;8
2422902;10
2422901;1
2422900;9
2422898;10
2422895;11
2422892;10
2422890;9
2422889;11
2422887;6
2422879;3
2422877;8
2422876;10
2422874;6
2422871;5
2422869;9
2422867;9
2422866;9
2422865;10
2422863;5
2422857;10
2422856;2
2422855;8
2422853;6
2422851;6
2422847;8
2422843;2
2422839;13
2422830;10
2422827;8
2422826;5
2422824;6
2422822;9
2422805;3
2422802;1
2422796;1
2422784;1
2422780;8
2422777;4
2422774;1
2422772;5
2422767;4
2422765;8
2422763;1
2422761;7
2422760;9
2422758;1
2422757;3
2422755;10
2422753;3
2422750;6
2422746;13
2422743;1
2422739;10
2422738;10
2422737;2
2422736;2
2422730;10
2422726;9
2422723;12
2422721;7
2422720;1
2422718;4
2422717;8
2422711;5
2422702;4
2422700;4
2422695;8
2422694;4
2422693;1
2422692;1
2422691;11
2422688;8
2422686;6
2422682;4
2422679;9
2422677;8
2422672;1
2422671;12
2422668;8
2422666;4
2422664;4
2422663;9
2422659;8
2422658;4
2422656;9
2422655;9
2422650;4
2422643;4
2422641;8
2422639;7
2422638;1
2422636;6
2422633;1
2422632;9
2422631;8
2422625;5
2422623;10
2422618;11
2422616;4
2422615;7
2422613;8
2422610;1
2422605;1
2422602;6
2422600;10
2422598;12
2422594;17
2422591;2
2422590;8
2422588;10
2422586;9
2422584;3
2422583;7
2422575;1
2422572;2
2422566;1
2422562;3
2422561;5
2422555;2
2422553;7
2422551;3
2422543;9
2422539;20
2422534;1
2422533;5
2422530;9
2422525;7
2422522;9
2422520;5
2422517;10
2422515;7
2422514;7
2422513;12
2422509;4
2422508;2
2422506;5
2422504;1
2422499;1
2422496;12
2422494;12
2422492;11
2422490;11
2422489;6
2422486;8
2422484;2
2422483;8
2422482;1
2422480;7
2422478;2
2422470;10
2422467;1
2422466;8
2422459;12
2422453;12
2422451;10
2422449;12
2422448;9
2422447;12
2422444;6
2422439;4
2422437;1
2422433;12
2422429;1
2422427;10
2422423;5
2422421;1
2422419;10
2422416;1
2422415;10
2422412;9
2422409;10
2422408;5
2422407;8
2422406;2
2422405;7
2422403;3
2422402;8
2422400;7
2422397;8
2422395;9
2422388;8
2422384;4
2422383;4
2422381;8
2422380;1
2422378;6
2422376;6
2422366;1
2422365;12
2422362;10
2422356;12
2422355;9
2422354;12
2422352;4
2422351;12
2422346;12
2422342;24
2422340;10
2422338;12
2422337;1
2422334;3
2422330;4
2422327;4
2422326;2
2422316;7
2422314;2
2422307;3
2422302;12
2422299;12
2422296;7
2422291;1
2422289;1
2422286;2
2422282;1
2422278;13
2422277;3
2422273;2
2422266;1
2422265;4
2422256;2
2422229;11
2422226;2
2422221;11
2422218;2
2422214;1
2422211;11
2422197;6
2422194;6
2422192;11
2422183;2
2422180;11
2422178;2
2422175;1
2422165;2
2422163;10
2422156;20
2422149;3
2422146;13
2422140;3
2422137;1
2422136;6
2422133;2
2422131;10
2422129;13
2422126;8
2422120;7
2422118;13
2422113;13
2422111;2
2422109;13
2422106;5
2422103;2
2422092;13
2422089;13
2422087;2
2422080;13
2422077;13
2422073;2
2422071;2
2422068;13
2422066;13
2422062;13
2422056;6
2422054;4
2422049;2
2422045;3
2422037;13
2422035;4
2422028;7
2422027;3
2422024;1
2422021;6
2422020;2
2422019;8
2422016;12
2422013;10
2422010;10
2422006;1
2421997;9
2421995;5
2421990;10
2421986;4
2421985;6
2421983;6
2421982;4
2421981;1
2421978;8
2421975;10
2421973;10
2421971;10
2421964;10
2421960;10
2421958;12
2421955;6
2421954;2
2421952;4
2421946;5
2421938;4
2421937;4
2421936;1
2421933;4
2421927;20
2421917;3
2421910;13
2421909;3
2421908;4
2421906;2
2421904;8
2421902;1
2421899;8
2421892;7
2421882;2
2421878;6
2421873;2
2421866;2
2421861;2
2421858;4
2421852;1
2421848;1
2421842;1
2421837;2
2421828;2
2421814;2
2421811;2
2421801;1
2421793;2
2421777;2
2421770;2
2421766;1
2421763;2
2421761;4
2421756;1
2421750;4
2421746;1
2421739;1
2421732;4
2421730;1
2421720;1
2421717;1
2421711;1
2421699;1
2421692;1
2421688;1
2421681;3
2421675;2
2421671;1
2421666;2
2421658;1
2421654;1
2421651;1
2421644;1
2421641;1
2421632;3
2421610;1
2421605;1
2421589;1
2421583;1
2421577;1
2421568;1
2421564;1
2421560;1
2421556;1
2421552;1
2421546;1
2421537;1
2421534;1
2421518;1
2421507;1
2420107;1
2416461;15000
2412936;1
2412305;1
2412089;1
2379001;12
2378992;9
2378991;13
2378988;14
2378987;9
2378986;14
2378984;13
2378981;18
2378980;16
2378977;12
2378976;9
2378972;18
2378970;17
2378968;12
2378967;17
2378963;14
2378958;15
2378955;10
2378953;14
2378952;6
2378951;1
2378948;14
2378947;1
2378946;8
2378941;14
2378940;17
2378936;12
2378929;8
2378923;12
2378922;15
2378920;9
2378917;14
2378916;16
2378913;11
2378909;7
2378908;3
2378907;7
2378906;11
2378905;3
2378900;12
2378899;1
2378898;16
2378897;12
2378896;6
2378892;15
2378891;18
2378888;18
2378887;4
2378886;2
2378882;6
2378877;14
2378876;15
2378872;7
2378869;15
2378867;16
2378865;12
2378863;1
2378856;15
2378853;1
2378852;19
2378851;16
2378847;1
2378846;1
2378842;4
2378838;12
2378837;1
2378834;16
2378833;4
2378826;12
2378825;1
2378824;7
2378820;12
2378816;17
2378813;17
2378811;1
2378806;15
2378805;12
2378803;19
2378802;16
2378798;6
2378797;17
2378796;17
2378795;5
2378793;9
2378792;1
2378791;5
2378789;10
2378786;11
2378784;19
2378783;6
2378781;17
2378780;1
2378777;1
2378770;6
2378769;18
2378768;1
2378765;13
2378764;1
2378763;18
2378762;5
2378760;1
2378759;1
2378758;1
2378756;14
2378755;11
2378753;1
2378749;1
2378747;9
2378745;12
2378744;1
2378743;1
2378740;10
2378739;13
2378738;1
2378736;1
2378735;1
2378729;11
2378728;15
2378726;1
2378724;1
2378722;17
2378721;1
2378718;1
2378717;1
2378713;12
2378712;19
2378708;19
2378706;1
2378702;1
2378701;1
2378698;9
2378697;1
2378694;15
2378693;1
2378692;1
2378690;1
2378686;1
2378682;1
2378679;1
2378676;1
2378670;1
2378666;1
2378663;2
2378660;1
2378659;17
2378653;1
2378649;1
2378648;1
2378643;18
2378642;1
2378641;1
2378636;1
2378631;1
2378630;18
2378629;1
2378627;15
2378618;1
2378611;1
2378610;14
2378609;1
2378607;1
2378603;1
2378597;9
2378596;17
2378595;18
2378591;12
2378590;18
2378589;19
2378587;1
2378585;1
2378583;1
2378577;18
2378576;1
2378571;1
2378568;1
2378567;1
2378566;1
2378560;1
2378559;1
2378553;1
2378546;1
2378544;1
2378541;1
2378528;2
2378521;1
2378520;1
2378518;1
2378516;14
2378515;1
2378514;1
2378509;1
2378507;1
2378503;1
2378502;1
2378501;1
2378496;9
2378495;5
2378492;2
2378486;2
2378480;2
2378477;6
2378472;6
2378471;5
2378470;2
2378462;7
2378461;10
2378459;5
2378458;2
2378457;2
2378451;5
2378449;4
2378446;16
2378445;5
2378442;4
2378441;13
2378440;4
2378436;9
2378435;7
2378434;5
2378433;5
2378424;3
2378423;3
2378420;1
2378419;5
2378415;4
2378414;1
2378405;2
2378400;5
2378398;2
2378386;14
2378384;1
2378383;5
2378382;5
2378381;1
2378375;1
2378368;4
2378365;2
2378359;5
2378358;4
2378355;14
2378354;3
2378353;13
2378352;3
2378351;15
2378350;4
2378349;5
2378348;5
2378345;3
2378343;7
2378342;3
2378340;2
2378336;5
2378335;5
2378334;5
2378330;5
2378328;3
2378305;3
2378300;5
2378299;4
2378297;1
2378294;9
2378293;4
2378292;2
2378290;5
2378289;3
2378288;1
2378283;6
2378280;5
2378279;15
2378278;15
2378277;5
2378276;1
2378272;4
2378268;9
2378267;14
2378266;13
2378265;5
2378263;14
2378262;5
2378260;3
2378257;4
2378242;5
2378240;3
2378236;3
2378231;5
2378223;2
2378221;2
2378218;5
2378214;1
2378213;5
2378212;1
2378209;2
2378208;5
2378202;5
2378200;1
2378198;1
2378187;5
2378185;1
2378183;4
2378174;5
2378172;3
2378168;5
2378167;3
2378163;5
2378160;9
2378155;6
2378154;18
2378153;4
2378151;4
2378149;17
2378147;5
2378146;4
2378141;5
2378140;3
2378137;1
2378135;14
2378134;5
2378132;4
2378129;2
2378128;3
2378126;5
2378123;1
2378121;5
2378119;5
2378112;5
2378108;7
2378107;4
2378105;1
2378103;5
2378099;5
2378098;5
2378092;19
2378091;4
2378090;6
2378082;4
2378081;10
2378080;3
2378079;6
2378078;6
2378075;1
2378073;5
2378072;5
2378071;5
2378067;3
2378063;5
2378062;5
2378061;11
2378060;5
2378055;5
2378054;4
2378050;2
2378043;4
2378039;16
2378038;6
2378037;17
2378035;5
2378034;5
2378033;5
2378031;3
2378023;1
2378022;1
2378021;4
2378019;4
2378015;4
2378012;4
2378009;4
2378008;4
2378007;12
2378006;16
2378005;19
2378004;6
2378003;4
2377998;3
2377997;2
2377994;10
2377993;5
2377991;17
2377990;16
2377989;11
2377987;6
2377984;4
2377980;1
2377977;5
2377975;4
2377971;3
2377968;15
2377967;3
2377966;16
2377965;10
2377964;18
2377963;3
2377962;3
2377961;16
2377960;4
2377958;4
2377957;3
2377953;5
2377951;5
2377947;1
2377945;5
2377944;5
2377942;4
2377936;5
2377934;10
2377933;2
2377930;5
2377928;6
2377927;4
2377924;4
2377920;1
2377918;4
2377914;5
2377913;3
2377911;3
2377908;5
2377907;6
2377906;2
2377900;1
2377899;4
2377894;4
2377892;12
2377890;16
2377888;5
2377886;5
2377885;5
2377880;3
2377874;1
2377868;5
2377867;1
2377865;19
2377864;5
2377861;1
2377860;1
2377859;1
2377858;1
2377856;13
2377855;1
2377853;19
2377852;5
2377850;1
2377848;4
2377847;5
2377846;5
2377845;3
2377843;4
2377842;2
2377840;10
2377839;12
2377838;3
2377837;6
2377836;5
2377834;9
2377833;3
2377831;10
2377830;5
2377828;5
2377827;5
2377825;1
2377824;5
2377823;6
2377821;2
2377818;19
2377817;5
2377816;6
2377814;12
2377813;6
2377812;5
2377807;13
2377806;5
2377805;8
2377804;5
2377803;6
2377802;1
2377801;4
2377797;5
2377794;14
2377793;4
2377791;6
2377790;4
2377786;5
2377785;3
2377780;4
2377774;2
2377768;2
2377766;4
2377765;2
2377760;3
2377758;13
2377757;8
2377756;11
2377754;1
2377753;4
2377752;5
2377751;7
2377750;3
2377748;6
2377744;4
2377742;2
2377738;1
2377734;1
2377732;4
2377728;3
2377727;1
2377724;2
2377721;1
2377719;3
2377713;14
2377712;4
2377711;5
2377710;3
2377709;3
2377707;7
2377706;4
2377705;3
2377700;4
2377699;3
2377698;3
2377696;2
2377695;5
2377694;2
2377691;16
2377689;2
2377687;2
2377686;12
2377685;1
2377683;5
2377682;12
2377681;3
2377680;3
2377679;13
2377678;2
2377672;7
2377671;1
2377670;5
2377669;1
2377668;4
2377665;12
2377664;4
2377662;2
2377661;1
2377658;3
2377657;3
2377656;3
2377653;1
2377649;5
2377647;3
2377646;1
2377645;1
2377643;2
2377639;11
2377638;5
2377637;2
2377636;2
2377635;3
2377634;2
2377632;7
2377631;5
2377630;2
2377629;1
2377626;7
2377624;1
2377623;1
2377617;8
2377614;2
2377612;4
2377611;2
2377609;7
2377608;4
2377607;2
2377604;1
2377601;2
2377597;15
2377596;3
2377595;2
2377593;3
2377592;2
2377590;9
2377589;3
2377584;3
2377578;5
2377576;8
2377574;3
2377573;1
2377572;7
2377571;5
2377570;3
2377569;3
2377568;1
2377567;2
2377565;1
2377561;1
2377560;1
2377555;2
2377552;4
2377551;3
2377548;3
2377547;1
2377544;4
2377541;14
2377540;3
2377539;3
2377536;3
2377530;1
2377529;4
2377528;4
2377527;5
2377526;2
2377521;10
2377520;4
2377519;1
2377516;7
2377514;4
2377513;6
2377512;6
2377510;1
2377500;5
2377498;4
2377496;5
2377495;3
2377494;18
2377493;4
2377489;4
2377486;3
2377484;5
2377483;5
2377482;1
2377479;14
2377477;15
2377476;5
2377475;3
2377473;1
2377472;1
2377471;2
2377465;1
2377461;15
2377460;6
2377459;4
2377457;14
2377455;3
2377453;15
2377452;4
2377451;4
2377450;4
2377449;2
2377440;3
2377437;3
2377435;6
2377434;3
2377429;3
2377427;2
2377426;4
2377425;2
2377423;10
2377422;5
2377420;3
2377418;3
2377417;11
2377416;10
2377415;4
2377414;1
2377413;5
2377411;3
2377410;19
2377409;2
2377407;12
2377406;2
2377405;3
2377404;1
2377403;7
2377402;4
2377401;9
2377400;3
2377399;1
2377394;3
2377391;4
2377390;12
2377389;2
2377386;12
2377385;7
2377383;4
2377381;19
2377380;5
2377379;10
2377378;2
2377377;1
2377375;1
2377369;3
2377367;3
2377366;4
2377365;3
2377361;3
2377359;4
2377358;6
2377356;4
2377355;3
2377354;4
2377353;5
2377351;3
2377350;2
2377347;6
2377346;2
2377345;3
2377344;2
2377343;2
2377341;3
2377340;2
2377339;6
2377338;5
2377337;5
2377333;4
2377330;6
2377328;2
2377326;4
2377324;13
2377323;4
2377321;5
2377319;3
2377314;5
2377313;19
2377312;7
2377311;5
2377310;1
2377309;5
2377307;10
2377306;4
2377304;11
2377303;4
2377301;10
2377299;17
2377298;14
2377297;9
2376507;4
2376505;5
2376504;19
2376503;6
2376502;5
2376500;1
2376499;5
2376498;1
2376497;8
2376495;3
2376493;3
2376490;4
2376487;4
2376486;6
2376485;3
2376483;1
2376468;2
2376465;1
2376461;3
2376460;4
2376457;4
2376455;3
2376453;4
2376449;3
2376442;10
2376436;8
2376434;13
2376433;1
2376431;14
2376429;4
2376426;1
2376423;3
2376409;3
2376402;13
2376399;1
2376397;1
2376393;4
2376391;2
2376384;4
2376382;5
2376379;4
2376378;1
2376373;4
2376367;4
2376366;1
2376356;4
2376352;4
2376349;3
2376348;4
2376347;3
2376346;1
2374671;1
2356865;1
2356731;1
2356682;1
2350665;1
2350650;1
2350635;1
2343215;1
2308268;1
2301990;1
2301349;1
2287436;1
2261544;1
2261484;1
2257997;1
2257719;1
2253548;1
2252906;1
2249144;1
2247862;1
2246332;1
2240643;1
2220303;1
2187917;1
2186458;1
2181869;1
2181682;1
2168817;1
2166422;1
2164369;1
2161508;1
2159509;1
2152220;1
2148202;1
2140796;1
2140383;1
2137062;1
2137060;1
2135724;1
2132219;1
2131948;1
2130808;1
2130730;1
2130391;1
2130390;1
2130350;2
2128962;1
2125590;1
2125431;1
2125098;1
2123270;1
2119043;1
2118418;1
2106559;1
2104946;1
2099846;1
2098793;1
2098474;1
2098031;1
2097736;1
2097710;1
2088992;1
2085987;1
2083209;1
2083144;1
2082897;1
2082836;1
2076194;1
2076179;1
2074239;1
2067320;1
2060176;1
2048902;1
2046804;1
2045898;1
2045515;1
2044926;1
2043598;1
2040455;1
2038418;1
2036550;1
2036510;1
2036354;1
2036251;1
2033694;1
2032693;1
2032665;1
2031962;1
2031960;4
2015351;1
2014955;1
2014922;1
2012073;1
2008822;1
2008821;1
2008683;2
2007958;1
2007955;1
2007954;1
2005687;1
1997331;1
1996727;1
1995373;1
1995360;1
1993431;1
1992901;1
1990551;1
1990429;1
1988440;1
1988431;1
1983472;1
1981790;1
1976327;1
1970318;1
1970219;1
1964847;1
1960368;1
1953468;1
1948107;1
1946708;1
1946637;1
1946397;1
1945378;1
1943009;1
1943008;1
1942952;1
1942924;1
1937827;1
1936520;1
1935263;1
1933589;1
1932479;1
1930066;1
1929878;1
1924159;1
1922979;1
1922771;1
1922497;1
1920137;1
1919280;1
1918747;1
1917136;1
1915867;1
1911740;1
1910816;2
1908356;1
1904512;1
1903872;1
1903475;1
1893321;1
1890942;1
1884382;1
1883078;1
1882993;1
1882824;1
1878900;10
1878749;1
1878713;1
1877876;1
1877853;1
1877826;1
1876671;1
1872705;1
1871795;1
1871194;1
1870718;1
1867530;1
1865770;1
1864997;1
1864962;1
1864939;1
1864900;1
1864885;1
1863408;1
1862324;1
1861231;1
1859393;1
1856018;1
1856016;1
1852496;1
1851931;1
1851865;1
1840987;1
1839287;1
1838941;1
1838774;1
1838684;1
1836576;1
1835579;1
1834950;1
1834773;1
1834756;1
1834732;1
1833789;1
1833752;1
1828595;1
1828402;1
1828374;1
1828287;1
1826083;1
1825480;1
1825462;1
1825292;1
1825279;1
1825262;1
1825114;1
1825037;1
1823372;1
1822775;1
1822473;1
1822164;1
1822122;1
1820936;1
1820927;1
1820286;1
1814633;1
1808859;1
1806030;1
1805623;1
1805010;1
1804966;1
1804962;1
1800924;1
1800922;1
1800844;1
1800776;1
1799486;1
1796978;1
1796890;1
1796872;3
1796867;1
1796818;1
1796746;1
1795653;1
1795629;1
1795614;1
1795536;1
1794292;1
1793501;1
1791496;1
1791436;1
1791427;1
1790827;1
1789738;1
1788626;1
1788562;1
1788383;1
1788320;1
1788153;1
1787492;1
1787354;1
1787225;1
1787075;1
1787059;1
1785366;1
1785296;1
1785255;1
1785150;1
1785018;1
1782332;1
1780358;1
1780187;1
1780036;1
1779423;1
1778400;1
1778354;1
1776410;1
1775974;1
1775745;1
1775645;1
1772407;1
1770971;1
1765741;1
1764863;1
1763406;1
1763361;1
1763201;1
1758774;1
1752390;1
1749396;1
1749332;1
1748234;1
1746895;1
1746788;1
1746723;1
1745483;1
1745440;1
1745340;1
1744577;1
1743491;1
1743194;1
1743191;1
1742447;1
1742083;1
1741041;1
1739771;1
1732827;1
1730694;1
1728914;1
1728129;1
1728118;1
1725885;1
1725883;1
1724966;1
1724753;1
1723426;1
1723375;1
1723111;1
1722830;1
1720837;1
1714917;1
1714795;1
1698351;1
1696576;1
1696575;1
1688708;1
1688254;1
1685509;1
1678530;1
1663652;1
1659751;1
1659667;1
1652640;1
1651008;1
1650400;1
1646819;1
1641243;1
1627568;1
1625831;1
1625474;1
1625358;1
1624841;1
1624775;1
1624551;1
1624493;1
1624436;1
1624003;1
1622746;1
1622720;1
1622619;1
1619294;1
1613497;1
1613259;1
1613254;1
1612892;1
1609384;1
1607888;1
1605122;1
1595746;1
1595083;1
1594903;1
1594122;1
1593998;1
1593946;1
1589145;1
1589133;1
1588577;1
1588551;1
1588483;1
1584626;1
1584384;1
1582434;1
1577437;1
1577313;1
1572866;1
1572809;1
1571931;1
1569698;1
1569125;1
1568408;1
1565669;1
1564721;1
1564135;1
1563245;1
1562392;1
1562223;1
1562159;1
1562050;1
1553509;1
1552945;1
1552858;1
1552156;1
1551977;1
1551702;1
1551701;1
1551690;1
1541329;1
1540810;1
1527726;1
1527679;1
1523954;1
1523010;1
1520724;1
1512588;1
1509934;1
1505134;1
1502288;1
1500019;1
1499913;1
1498035;1
1498024;1
1498022;1
1492910;1
1492627;1
1492625;1
1491391;1
1491389;1
1489639;1
1488151;1
1488025;1
1487414;1
1487375;1
1487212;1
1487191;1
1486906;1
1484406;1
1483290;1
1483287;1
1482712;1
1476797;1
1476730;1
1471678;1
1464966;1
1462344;1
1460533;1
1458317;1
1457877;1
1457855;1
1457178;1
1457091;1
1457052;1
1456895;1
1453059;1
1450039;1
1450030;1
1449882;1
1449367;1
1446119;1
1445816;1
1445767;1
1444882;1
1427703;1
1427699;1
1426058;1
1419122;2
1419120;1
1419117;1
1417607;1
1417065;1
1417061;1
1417060;2
1416588;1
1416586;1
1416585;1
1416584;1
1415935;1
1415831;1
1415794;1
1415762;1
1415729;1
1415521;1
1414564;1
1413000;1
1412999;1
1412998;1
1412561;1
1409664;1
1409620;1
1409581;1
1409490;1
1409371;1
1407805;1
1407561;1
1407017;1
1407016;2
1407015;1
1401413;1
1401411;1
1401335;1
1401266;1
1398963;1
1389645;1
1386974;1
1386599;1
1386546;1
1382998;1
1377109;1
1376912;1
1376423;1
1375597;1
1374055;1
1373939;1
1373317;1
1373294;1
1373278;1
1373234;1
1373211;1
1373195;1
1373183;1
1373173;1
1373135;1
1373113;1
1373079;1
1373000;1
1372954;1
1372876;1
1372795;1
1372597;1
1372567;1
1371652;1
1368332;1
1367481;1
1367425;1
1367344;1
1367313;1
1367253;1
1367188;1
1366749;1
1366642;1
1361093;1
1357840;1
1356572;1
1356556;1
1352255;1
1348928;1
1348345;1
1344052;1
1338496;1
1338413;1
1338274;1
1336620;1
1336101;1
1336063;1
1332760;1
1329979;1
1329977;1
1329974;1
1329970;2
1329966;1
1324489;1
1324116;1
1324021;1
1322722;1
1319407;1
1318617;1
1318549;1
1318286;1
1315666;1
1307186;1
1306543;1
1306391;1
1305779;1
1305276;1
1305260;1
1305027;1
1299237;1
1299092;1
1298067;1
1295227;1
1294747;1
1293993;1
1292183;1
1282201;1
1282180;1
1281683;1
1281293;1
1280895;1
1278831;1
1278528;1
1278494;1
1278452;1
1278297;1
1277845;1
1277754;1
1277588;1
1277548;1
1277477;1
1277476;1
1276471;1
1274556;1
1269738;1
1269223;1
1269096;1
1269054;1
1269002;1
1268953;1
1268887;1
1268821;1
1268816;2
1268304;1
1268184;1
1268117;1
1268012;1
1267256;1
1265293;1
1265265;1
1265132;1
1265065;2
1264854;1
1264816;1
1263500;1
1259390;1
1259344;1
1259000;1
1258981;1
1258822;1
1258722;1
1258659;1
1258571;1
1258351;1
1258063;1
1254457;1
1252890;1
1252872;1
1252833;1
1252819;1
1252782;1
1252717;1
1252379;1
1251855;1
1251495;1
1251488;1
1251420;1
1251417;1
1251398;1
1251345;1
1251343;1
1251342;1
1251319;1
1251313;1
1251312;1
1251251;1
1251216;1
1250892;1
1250888;1
1250885;2
1250682;1
1249976;1
1249548;1
1248464;1
1248370;1
1248368;1
1247778;1
1245533;1
1245180;1
1245148;1
1245037;1
1244635;1
1242775;1
1242767;1
1238688;1
1235992;1
1235883;1
1235817;1
1235666;1
1235609;1
1235578;1
1235539;1
1235537;1
1233901;1
1233378;1
1228835;1
1227939;1
1219994;1
1219913;1
1219872;1
1219671;1
1219663;1
1219640;1
1216636;1
1214369;1
1214299;1
1209763;1
1209583;1
1209366;1
1204409;1
1203743;1
1202693;1
1202679;1
1200017;1
1199295;1
1195215;1
1189510;1
1187962;1
1187399;1
1187289;1
1187146;1
1187121;1
1184710;1
1184227;1
1183360;1
1183234;1
1182942;1
1182664;1
1182636;1
1181343;1
1168948;1
1168804;1
1168783;1
1165364;1
1165303;1
1160228;1
1153677;1
1153618;1
1153568;1
1152246;1
1152240;1
1150555;1
1146930;1
1146371;1
1145797;1
1144940;1
1143209;1
1141523;1
1139676;1
1137716;1
1137418;1
1136822;1
1135693;1
1134906;1
1134495;1
1131645;1
1131428;1
1130644;1
1129764;1
1123433;1
1121717;1
1121366;1
1121363;1
1119128;1
1117209;1
1116261;1
1115191;1
1114321;1
1111749;1
1110913;1
1110900;1
1109378;1
1108979;1
1108036;1
1106280;1
1105476;1
1105373;1
1104917;1
1103980;1
1103588;1
1102960;1
1101355;1
1100907;1
1100011;1
1096258;1
1096257;1
1096063;1
1095858;1
1095849;1
1091281;1
1085480;1
1081822;1
1079037;1
1078993;1
1078989;1
1078980;1
1078377;1
1074325;1
1074302;1
1074025;1
1073970;1
1073954;1
1073884;1
1073626;1
1073501;1
1073246;1
1072884;1
1072833;1
1067938;1
1063938;1
1062477;1
1059407;1
1055604;1
1054808;1
1053870;1
1053638;1
1053343;1
1053299;1
1050898;1
1048538;1
1044313;1
1041389;1
1037080;1
1033158;1
1032317;1
1029884;1
1024637;1
1023377;1
1019289;1
1018193;1
1018105;1
1018020;1
1017743;1
1016505;1
1016500;1
1015892;1
1013758;1
1012495;1
1011973;1
1007123;1
998706;1
994750;1
993334;1
990627;1
990582;1
990425;1
987137;1
982530;1
979676;1
978476;1
978190;1
978118;1
973390;1
968610;1
962475;1
962307;1
962253;1
962171;1
961808;1
961689;1
961342;1
961221;1
961019;1
960935;1
960667;1
960599;1
960507;1
960413;1
960260;1
960065;1
959865;1
959596;1
959578;1
959478;1
956163;1
955702;1
955693;1
955662;1
955587;1
955581;1
955076;1
955073;1
954516;1
952941;1
934787;1
934726;1
933895;1
931272;1
916001;1
913988;1
911213;1
910334;1
909332;1
909260;1
896542;1
896530;1
896423;1
893729;1
888393;1
886326;1
880591;1
876781;1
872983;1
852090;1
848438;1
847896;1
844150;1
833800;1
833607;1
833604;2
833597;1
815981;1
815970;1
806588;1
806499;1
806436;1
806346;1
806277;1
806236;1
803278;1
802994;1
802647;1
802061;1
801525;1
801438;1
801062;1
797845;1
797504;1
797150;1
766274;1
762141;1
755063;1
749076;1
747934;1
744039;1
743997;1
735897;1
733071;1
732656;1
732594;1
719889;1
711983;1
708159;1
707067;1
696924;1
696358;1
692604;1
684762;1
682342;1
682293;1
660474;1
660427;1
660289;1
656279;1
647098;1
646728;1
646349;1
643866;1
643852;1
640724;1
638650;1
637819;1
626635;1
622824;1
617503;1
614240;1
611131;1
598029;1
588460;1
575792;1
575783;2
575140;1
572641;1
572344;1
566687;1
562674;1
554890;1
554880;1
550173;1
547209;1
540860;1
533931;1
520039;1
519137;1
512530;1
512425;1
512408;1
512322;1
511437;1
511410;1
508398;1
505703;1
505653;1
505617;1
505478;1
505432;1
505388;1
504822;1
504688;1
504353;1
495860;1
495692;1
495023;1
491418;1
490870;1
486046;1
478828;1
475671;1
474062;1
465828;1
464983;1
463406;1
459689;1
459210;1
459136;1
459112;1
459077;1
450462;1
450417;1
445374;1
428871;1
428842;1
428516;1
428478;1
426712;1
424149;1
423967;1
423857;1
422909;1
422578;1
420696;1
420503;1
418057;1
417750;1
412404;1
411834;1
411441;1
409867;1
408241;1
408198;1
408143;1
407801;1
407567;1
407541;1
407512;1
405989;1
405889;1
405386;1
405240;1
403974;1
403855;1
403753;1
403705;1
403646;1
403631;1
403422;1
403386;1
403261;1
402750;1
402570;1
400043;1
399976;1
399969;1
399858;1
399773;1
399712;1
399636;1
399173;1
398876;1
398657;1
398617;1
398513;2
398340;2
398306;1
398294;1
398235;1
398234;1
398192;1
397995;1
397952;1
397849;1
396198;1
396173;1
396062;1
396056;1
395120;1
394163;1
394007;1
392312;1
390883;1
389663;1
389589;1
389416;1
389250;1
388903;1
388896;1
388882;1
388732;1
388335;1
388317;1
388180;1
388096;1
388047;1
387955;1
387840;1
385706;1
384462;1
384445;1
384377;1
384318;1
384230;1
383192;1
378928;1
377954;1
375941;1
375913;1
375869;1
375815;1
375804;1
374505;1
374053;1
374028;1
374027;1
374026;3
374019;1
373666;1
373242;1
373135;1
372982;1
372855;1
357912;1
354585;1
350192;1
350102;1
350049;1
349764;1
348868;1
348697;1
348169;1
348123;1
347891;1
347481;1
343245;1
340105;1
339782;1
337483;1
337439;1
332646;1
330928;1
330043;1
329701;1
328673;1
328624;1
324322;1
318554;1
318335;1
314845;1
314735;1
313148;1
313138;1
313105;1
312975;1
312958;1
312888;1
312864;1
312809;1
312650;1
312428;1
312408;1
312383;1
312360;1
312124;1
310177;1
309908;1
309892;1
309816;1
309391;1
309372;1
309349;1
309105;1
307949;1
305226;1
304630;1
304409;1
304399;1
304108;1
304052;1
302592;1
301193;1
299663;1
299566;1
299111;1
299089;1
298935;1
295483;1
289629;1
289081;1
288970;1
286686;1
286684;1
286548;1
285715;1
283796;1
283629;1
277941;1
277779;1
277133;1
277132;2
277131;3
276839;1
276836;1
275985;1
275699;1
274777;1
274317;2
274260;1
274259;1
268290;1
268271;1
268222;1
268192;1
268176;1
268163;1
268143;1
268129;1
268119;1
268096;1
268046;1
268036;1
267978;1
267904;1
267825;1
265061;1
263070;1
263033;1
262971;1
262943;1
259280;1
258212;1
258176;1
258128;1
258108;1
258053;1
258027;1
258019;1
258001;1
257902;1
257869;1
250853;1
249958;1
248243;1
248223;1
246449;1
246233;1
245746;1
245162;1
243826;1
243800;1
242091;2
242033;1
242032;1
242005;2
240863;1
238771;1
238723;2
238722;1
238719;1
238718;1
238716;1
238713;1
238395;1
237847;1
236275;1
236264;1
235415;1
233388;1
233376;1
233283;1
233227;1
233170;1
233041;1
232908;1
231781;1
231727;1
231643;1
231641;1
231624;1
231524;2
231501;2
231323;1
231181;1
231024;1
230753;1
230705;1
230690;1
230689;1
230673;1
230497;1
230203;1
230126;1
229921;1
228886;1
228574;1
228560;1
227955;1
226560;1
224833;1
224780;1
224762;1
224725;1
224719;1
224697;1
224666;1
224624;1
222550;1
222202;1
220952;1
220902;1
214707;1
214630;1
214592;1
209061;1
208118;1
207325;1
205147;1
204925;1
204602;1
199946;1
199076;1
199024;1
198397;1
195365;1
195333;1
195322;1
189496;1
189495;1
189465;2
189436;2
189354;1
189353;1
189337;2
189310;2
188337;1
188286;2
188241;2
187604;1
185597;1
185512;1
183841;1
183459;1
180451;1
180413;1
180399;1
179680;1
179607;1
179098;1
178536;1
178492;1
178380;1
178019;1
177979;1
177946;1
177927;1
177918;1
177903;1
177891;1
177878;1
177799;1
177782;1
177743;1
177719;1
177678;1
177623;1
177600;1
177554;1
177535;1
177489;1
177426;1
175936;1
174139;1
174088;1
174067;1
174040;1
173665;1
171334;1
170606;1
170353;1
169650;1
169378;1
169366;1
169302;1
167415;1
165572;1
165565;1
165529;1
165507;1
165496;1
165481;1
165361;1
164795;1
163844;1
163680;1
161305;1
159102;1
158854;1
158805;1
158803;1
158800;1
158799;1
158797;1
158795;1
158792;1
156656;1
156634;1
155878;1
151563;1
147916;1
147875;1
147862;1
147696;1
147680;1
147673;1
143509;1
142924;1
141829;1
141749;1
141362;1
137839;1
135863;1
135630;1
135608;1
132777;1
132775;1
132770;1
131251;1
127880;1
126356;1
125076;1
123825;1
120109;1
120093;1
120042;1
117351;1
116756;1
116530;2
116529;1
116525;2
116172;1
114798;1
114339;1
113121;1
109200;1
106972;1
101584;1
100019;1
99836;1
97404;1
97281;1
97266;1
97246;1
97237;1
97170;1
91544;1
89356;1
88440;1
86036;1
85649;1
82154;1
78743;1
78571;1
78047;1
73765;1
73515;1
73276;1
71774;1
67473;1
66000;1
64766;1
62594;1
62525;1
62492;1
62428;1
62378;1
62255;1
62204;1
62158;1
61673;1
61352;1
60101;1
59936;1
56620;1
56476;1
56379;1
56319;1
56142;1
55502;1
55245;1
55166;1
54316;1
52481;1
51921;1
